Source,Heading,Category,Date,Time,URL
Hindiustan Times,"JEE Advanced Result 2019: Kota institutes shine again, 42 AIR holders in Top 100 so far",nil,2019-06-14,19:57:00,https://www.hindustantimes.com/education/jee-advanced-result-2019-kota-institutes-shine-again-42-air-holders-in-top-100-so-far/story-9ylQCAQ7555PDeSf4lZYGN.html
Hindiustan Times,"Announced: CLAT Result 2019 declared, here’s direct link to check",nil,2019-06-14,18:54:00,https://www.hindustantimes.com/education/clat-result-2019-here-s-how-to-check/story-n9CB05uRqmyNK7w9b3DszN.html
Hindiustan Times,"TS ICET Result 2019 declared, here’s direct link to view rank card",nil,2019-06-14,18:01:00,https://www.hindustantimes.com/education/ts-icet-result-2019-declared-here-s-direct-link-to-check/story-5wJKakNsaqiZqryrYUKMIM.html
Hindiustan Times,"TNPSC Group 4 recruitment 2019: Notification out for 6,491 vacancies, check details and how to apply at tnpsc.gov.in",nil,2019-06-14,17:39:00,https://www.hindustantimes.com/education/tnpsc-group-4-recruitment-2019-notification-know-eligibility-criteria-vacancy-how-to-apply-at-tnpsc-gov-in/story-zzOD43JTcUDZzv0nhcjx7M.html
Hindiustan Times,"JEE Advanced 2019: Dhruv Arora  of UP bags AIR-24, here’s how students in the state performed",nil,2019-06-14,14:31:00,https://www.hindustantimes.com/education/jee-advanced-2019-dhruv-arora-of-up-bags-air-24-here-s-how-students-in-the-state-performed/story-ZoJUy5tz9VQ2Dz9UqrZg8N.html
Hindiustan Times,JEE Advanced 2019: Gorakhpur’s Himanshu Gaurav Singh bags AIR 2,nil,2019-06-14,15:20:00,https://www.hindustantimes.com/education/jee-advanced-result-2019-himanshu-gaurav-singh-of-gorakhpur-secures-air-2-says-his-childhood-dream-comes-true/story-JMxfhYpAvPU4caLywmD9DO.html
Hindiustan Times,JEE Advanced Result 2019 Highlights: Here’s everything you need to know,nil,2019-06-14,14:06:00,https://www.hindustantimes.com/education/jee-advanced-result-2019-highlights-here-s-everything-you-need-to-know/story-dCZYPJyXdGDnIp0wozJ9fK.html
Hindiustan Times,"JEE Advanced final answer key 2019 released at jeeadv.ac.in, check details here",nil,2019-06-14,12:40:00,https://www.hindustantimes.com/education/jee-advanced-final-answer-key-2019-released-at-jeeadv-ac-in-check-details-here/story-dIqvtq1KdVx0k7uOP9gExL.html
Hindiustan Times,"UP medical colleges set to get 1,000 more MBBS seats",nil,2019-06-14,12:21:00,https://www.hindustantimes.com/education/up-medical-colleges-set-to-get-1-000-more-mbbs-seats/story-VWRYSaZ0lp2zwtIrUmk3hK.html
Hindiustan Times,JEE Advanced 2019 topper Kartikey Gupta didn’t sleep without clearing doubts. Read his success mantra,nil,2019-06-14,11:52:00,https://www.hindustantimes.com/education/jee-advanced-2019-topper-kartikey-didn-t-sleep-without-clearing-doubts-read-his-success-mantra/story-peeHu4IDKm4VgU6Zo93AoN.html
Hindiustan Times,"JEE Advanced Result 2019 declared at results.jeeadv.ac.in, direct link to check here",nil,2019-06-14,11:37:00,https://www.hindustantimes.com/education/jee-advanced-result-2019-declared-at-results-jeeadv-ac-in-direct-link-to-check-here/story-RYtp0ooXZGbfoRDuHqBodI.html
Hindiustan Times,"As DU cutoff soars, Ambedkar University a viable option for students",nil,2019-06-14,11:25:00,https://www.hindustantimes.com/education/as-du-cutoff-soars-ambedkar-university-a-viable-option-for-students/story-b5ztgSU8vlhjuAEE8z5ByJ.html
Hindiustan Times,JEE Advanced Result 2019:  Kartikey Gupta of Maharashtra bags AIR- 1 ,nil,2019-06-14,12:11:00,https://www.hindustantimes.com/education/jee-advanced-result-2019-kartikey-gupta-of-mumbai-bags-air-1/story-Z6oxFG9adNbzMcDPSy0IvN.html
Hindiustan Times,"JEE Advanced Result 2019 declared at jeeadv.ac.in, check details and direct link here",nil,2019-06-14,18:04:00,https://www.hindustantimes.com/education/jee-advanced-result-2019-declared-at-jeeadv-ac-in-check-details-here/story-32Zer6TL3JzPxnG8YmhrNJ.html
Hindiustan Times,DU Admissions 2019: Fewer options of courses if you are a man,nil,2019-06-14,08:47:00,https://www.hindustantimes.com/education/du-admissions-2019-popular-courses-but-not-for-men/story-CeyaPRPBavjSY2LWZC2LIO.html
Hindiustan Times,DU Admissions 2019: Disabled candidates in a fix over certificate for quota,nil,2019-06-14,09:01:00,https://www.hindustantimes.com/education/du-admissions-2019-disabled-candidates-in-a-fix-over-certificate-for-quota/story-Cm2cus1BQuNyb3piQMWIWO.html
Hindiustan Times,DU Admissions 2019: No EWS option for MPhil/ PhD registration yet,nil,2019-06-14,09:01:00,https://www.hindustantimes.com/education/du-admissions-2019-no-ews-option-for-mphil-phd-registration-yet/story-ju07H417vB9H7aZqLMg2uM.html
Hindiustan Times,JEE Advanced 2019 Result Live Updates: Direct link for results here,nil,2019-06-14,19:33:00,https://www.hindustantimes.com/education/jee-advanced-result-2019-iit-jeeadv-ac-in-live-updates-toppers-cutoff/story-LErcmMbAkYhnmE3iZgnkkN.html
Hindiustan Times,"Announced: JEE Advanced Result 2019 declared, here’s how to check at results.jeeadv.ac.in",nil,2019-06-14,18:10:00,https://www.hindustantimes.com/education/jee-advanced-result-2019-today-here-s-how-to-check-at-jeeadv-ac-in/story-FrQQkadqk5VtaGtYhofEgO.html
Hindiustan Times,JEE Advanced Result 2019 to be declared tomorrow at jeeadv.ac.in ,nil,2019-06-13,18:58:00,https://www.hindustantimes.com/education/jee-advanced-result-2019-to-be-declared-tomorrow-at-jeeadv-ac-in-by-iit-roorkee/story-Bx4ayRG0B7KWe3AOcCkXZM.html
Hindiustan Times,"TRB Recruitment 2019: Tamil Nadu Teachers Recruitment Board announces 2,144 vacancies, apply at trb.tn.nic.in",nil,2019-06-13,16:26:00,https://www.hindustantimes.com/education/trb-recruitment-2019-tamil-nadu-teachers-recruitment-board-announces-2-144-vacancies-apply-at-trb-tn-nic-in/story-p1ebZCY9FqcRkHwzzeYVXP.html
Hindiustan Times,"JEE Advanced final answer key 2019 soon, result tomorrow",nil,2019-06-13,15:03:00,https://www.hindustantimes.com/education/jee-advanced-final-answer-key-2019-released-result-tomorrow/story-dBBQ5Q6D2Xn9MscTtpEFKL.html
Hindiustan Times,TS ICET Result 2019 to be declared today,nil,2019-06-14,06:43:00,https://www.hindustantimes.com/education/ts-icet-result-2019-to-be-declared-on-june-14-confirmed/story-LgR0Ic8m7Qxjy7QSVKtddM.html
Hindiustan Times,"Third time unlucky: Get ready for chaos, delay in Maharahstra’s FYJC admissions",nil,2019-06-13,11:25:00,https://www.hindustantimes.com/education/third-time-unlucky-get-ready-for-chaos-delay-in-maharahstra-s-fyjc-admissions/story-PHnauJJLMV9Eq7MZcPPg8J.html
Hindiustan Times,"Beed orphanage kids ace SSC, HSC exams in Maharashta ",nil,2019-06-13,11:22:00,https://www.hindustantimes.com/education/beed-orphanage-kids-ace-ssc-hsc-exams-in-maharashta/story-d6RA0dm5prSX2I0WkS9z2K.html
Hindiustan Times,Latest disability certification norm worries candidates in Delhi University,nil,2019-06-13,11:12:00,https://www.hindustantimes.com/education/latest-disability-certification-norm-worries-candidates-in-delhi-university/story-TDmZXwWJ51MNKE0v0LThGO.html
Hindiustan Times,"Popular courses, but not for men in Delhi University ",nil,2019-06-13,10:54:00,https://www.hindustantimes.com/education/popular-courses-but-not-for-men-in-delhi-university/story-LGUwI9NYJW7Jd1uiVMThfL.html
Hindiustan Times,"AIIMS MBBS Result 2019: Tricity lad Chetanya Mittal bags AIR 4, three others in top 100 ",nil,2019-06-13,10:26:00,https://www.hindustantimes.com/education/aiims-mbbs-result-2019-tricity-lad-chetanya-mittal-bags-air-4-three-others-in-top-100/story-Z6wPAdvZkfEysSsp8DgKzH.html
Hindiustan Times,"AIIMS MBBS Result 2019: Meet AIR 2 rank holder Vishwa Hitendra Vadodaria, know his success mantra",nil,2019-06-12,23:19:00,https://www.hindustantimes.com/education/aiims-mbbs-result-2019-meet-air-2-rank-holder-vishwa-hitendra-bhadoria-know-his-success-mantra/story-VS5DxUDjGPLkw2wZsXWQmN.html
Hindiustan Times,AIIMS MBBS 2019 Result highlights: Vishwa Hitendra Vadodaria from Gujarat bags AIR 2,nil,2019-06-13,10:25:00,https://www.hindustantimes.com/education/aiims-mbbs-result-2019-entrance-exam-result-aiimsexam-org-live-updates/story-JYJSSSJRExNXU0LNqR2NbK.html
Hindiustan Times,"Announced: AIIMS MBBS result 2019 declared at aiimsexams.org, here’s direct link to check",nil,2019-06-12,23:21:00,https://www.hindustantimes.com/education/aiims-mbbs-result-2019-declared-at-aiimsexams-org-here-s-direct-link-to-check-marks/story-7fSFZbMwhDPxIzaww42QCL.html
Hindiustan Times,"AIIMS MBBS entrance result 2019 declared, here’s how to check",nil,2019-06-12,22:23:00,https://www.hindustantimes.com/education/aiims-mbbs-entrance-result-2019-declared-here-s-how-to-check/story-pu2tBW4ChRJJMFn75Y8w8J.html
Hindiustan Times,VR in education offers one giant leap for students,nil,2019-06-13,14:24:00,https://www.hindustantimes.com/education/vr-in-education-offers-one-giant-leap-for-students/story-cXIUGSKb9KRVkPcfOJoZYM.html
Hindiustan Times,JEE Advanced 2019: Students jittery ahead of declaration of results ,nil,2019-06-12,19:11:00,https://www.hindustantimes.com/education/jee-advanced-2019-students-jittery-ahead-of-declaration-of-results/story-P0ITUUq0fr9X1IsDlxUmtN.html
Hindiustan Times,NTA to hold IGNOU Entrance Test for MBA (OPENMAT) and BEd,nil,2019-06-12,19:11:00,https://www.hindustantimes.com/education/nta-to-hold-ignou-entrance-test-for-mba-openmat-and-bed/story-fUSe6oycg21yiil6NdKh4H.html
Hindiustan Times,Sri Venkateswara College may begin online courses this year,nil,2019-06-12,19:11:00,https://www.hindustantimes.com/education/sri-venkateswara-college-may-begin-online-courses-this-year/story-xm0pemCr7V6zYuoqKlBQcP.html
Hindiustan Times,"AIIMS MBBS Result 2019 expected to be out today at aiimsexams.org, here’s how to check merit list",nil,2019-06-12,17:04:00,https://www.hindustantimes.com/education/aiims-mbbs-result-2019-expected-to-be-out-today-at-aiimsexams-org-here-s-how-to-check-merit-list/story-v5e929xzBmtY6l8y2qFGFK.html
Hindiustan Times,BHU SET cutoff list for Central Hindu School Boys released. Check details here,nil,2019-06-12,13:59:00,https://www.hindustantimes.com/education/bhu-set-cutoff-list-for-central-hindu-school-boys-released-check-details-here/story-FxPknitIMCplZylHzqlpHI.html
Hindiustan Times,DoE organises draw to fill seats in entry level classes in schools,nil,2019-06-12,13:01:00,https://www.hindustantimes.com/education/doe-organises-draw-to-fill-seats-in-entry-level-classes-in-schools/story-tjKOJcyzt83cnUQv5T5N0M.html
Hindiustan Times,"UPSC CDS (II) notification released. Download PDF, link to apply here",nil,2019-06-12,12:50:00,https://www.hindustantimes.com/education/upsc-cds-ii-notification-released-download-pdf-link-to-apply-here/story-XydLoD6pztQkPMSeVNtWgM.html
Hindiustan Times,SC to hear plea on extension of deadline for PG medical seats,nil,2019-06-12,12:14:00,https://www.hindustantimes.com/education/sc-to-hear-plea-on-extension-of-deadline-for-pg-medical-seats/story-RPHi9zFc7geVWdmQONHfZP.html
Hindiustan Times,SSC Phase VI 2018 answer key released at ssc.nic.in ,nil,2019-06-12,12:52:00,https://www.hindustantimes.com/education/ssc-phase-vi-2018-answer-key-released-at-ssc-nic-in/story-917W6cos1WMU8A0bMuWchO.html
Hindiustan Times,UPSC CDS (II) notification to be released today,nil,2019-06-12,12:51:00,https://www.hindustantimes.com/education/upsc-cds-ii-notification-to-be-released-today/story-rGqrejEcHdQYPFIoIgGvwI.html
Hindiustan Times,Government to connect Madrasas to mainstream education,nil,2019-06-12,09:03:00,https://www.hindustantimes.com/education/government-to-connect-madrasas-to-mainstream-education/story-bA77I2WETG2N4LbVEqaNLO.html
Hindiustan Times,'Single umbrella' admission for professional courses begins,nil,2019-06-12,09:08:00,https://www.hindustantimes.com/education/single-umbrella-admission-for-professional-courses-begins/story-xw3mgBgk9EoUQhBLFQmydM.html
Hindiustan Times,SBI SO Recruitment 2019: Last date today to apply for 579 vacancies of specialist cadre officer,nil,2019-06-12,09:08:00,https://www.hindustantimes.com/education/sbi-so-recruitment-2019-last-date-today-to-apply-for-579-vacancies-of-specialist-cadre-officer/story-xLrTK1u6kyd0mrraDJdGaM.html
Hindiustan Times,DU Admissions 2019: Over 3 lakh students register on DU’s website till now,nil,2019-06-12,09:08:00,https://www.hindustantimes.com/education/du-admissions-2019-over-3-lakh-students-register-on-du-s-website-till-now/story-NrCMFskdmdFj7PmiDkFhVP.html
Hindiustan Times,Fill vacancies to provide quality education: HRD Minister to CBSE,nil,2019-06-12,09:08:00,https://www.hindustantimes.com/education/fill-vacancies-to-provide-quality-education-hrd-minister-to-cbse/story-xXltseum7kIp6WoZxB1LvK.html
Hindiustan Times,AIIMS MBBS Result 2019 expected today at aiimsexams.org. Follow these steps to check,nil,2019-06-12,09:00:00,https://www.hindustantimes.com/education/aiims-mbbs-result-2019-expected-today-at-aiimsexam-org-follow-these-steps-to-check/story-BHBzPHNaxX3wzF9co9mdWM.html
Hindiustan Times,"DU Admissions 2019: 55% DU applicants from outside Delhi. UP, Haryana, Bihar among top 10 states",nil,2019-06-12,07:56:00,https://www.hindustantimes.com/education/du-admissions-2019-55-du-applicants-from-outside-delhi-up-haryana-bihar-among-top-10-states/story-Ow4Op7eZxOvwNijonvLfKL.html
Indian Express,"JEE Advanced results declared: Karthikey Gupta secures first rank, secures 346 out of 372 marks",nil,2019-06-14,10:36:44 pm,https://indianexpress.com/article/education/jee-advanced-results-declared-karthikey-gupta-secures-first-rank-5781461/
Indian Express,CLAT Result 2019 declared: How to check at clatconsortiumofnlu.ac.in,nil,2019-06-14,7:11:59 pm,https://indianexpress.com/article/education/clat-result-2019-how-to-check-at-clatconsortiumofnlu-ac-in-nlu-5781077/
Indian Express,CLAT 2019 result declared at clatconsortiumofnlu.ac.in,nil,2019-06-14,7:11:04 pm,https://indianexpress.com/article/education/clat-2019-result-declared-today-how-to-check-clatconsortiumofnlu-ac-in-5780054/
Indian Express,JEE Advanced Result 2019 @jeeadv.ac.in HIGHLIGHTS: HRD Minister Ramesh Pokhriyal congratulates students,nil,2019-06-14,7:08:07 pm,https://indianexpress.com/article/education/jee-advanced-result-2019-declared-jeeadv-ac-in-live-updates-how-to-check-cut-off-rank-card-meet-topper-jeeadv-ac-in-5777620/
Indian Express,IIT-JEE Advanced 2019 result declared at josaa.nic.in,nil,2019-06-14,19:03:53:00,https://indianexpress.com/article/education/iit-jee-advanced-result-final-answer-key-2019-iit-roorkee-jeeadv-ac-in-5779184/
Indian Express,"JEE Advanced results 2019: HRD Minister, Rajasthan CM Ashok Gehlot congratulate toppers",nil,2019-06-14,19:03:12:00,https://indianexpress.com/article/education/jee-advanced-results-2019-hrd-minister-rajasthan-cm-ashok-gehlot-congratulate-students-5781141/
Indian Express,UGC gets 150 proposals for study on quality of PhD theses in universities,nil,2019-06-14,18:50:44:00,https://indianexpress.com/article/education/ugc-gets-150-proposals-for-study-on-quality-of-phd-theses-in-universities-5779664/
Indian Express,Why did JEE Advanced website remain non-functional for over 6 hours?,nil,2019-06-14,18:49:19:00,https://indianexpress.com/article/education/why-is-jee-advanced-website-not-displaying-results-jeeadv-ac-in-5780353/
Indian Express,Rajasthan University UG results 2019 declared: How to check at uniraj.ac.in,nil,2019-06-14,18:48:21:00,https://indianexpress.com/article/education/rajasthan-university-result-2019-declared-how-to-check-uniraj-ac-in-5778378/
Indian Express,NEET UG 2019 wrong answer keys: SC agrees to hear plea of students on June 14,nil,2019-06-14,18:47:58:00,https://indianexpress.com/article/education/neet-ug-2019-wrong-answer-keys-sc-agrees-to-hear-plea-of-students-on-june-14/
Indian Express,"NEET UG wrong answer key 2019: We are not experts, says Supreme Court as it refuses to interfere with exam",nil,2019-06-14,18:47:47:00,https://indianexpress.com/article/education/neet-ug-answer-key-2019-supreme-court-refuses-to-interfere-with-exam-5781234/
Indian Express,"DU admissions: Delhi University’s new admission norms to UG courses could have been announced earlier, says High Court",nil,2019-06-14,18:26:51:00,https://indianexpress.com/article/education/du-admissions-delhi-universitys-new-admission-norms-to-ug-courses-could-have-been-announced-earlier-says-high-court-5781005/
Indian Express,TS ICET result 2019 declared: How to check at icet.tsche.ac.in,nil,2019-06-14,17:09:02:00,https://indianexpress.com/article/education/manabadi-ts-icet-result-2019-declared-how-to-check-at-icet-tsche-ac-in-5780426/
Indian Express,"JEE Advanced result 2019: Kartikey Gupta secures AIR 1, Shabnam Sahay is the topper among female candidates",nil,2019-06-14,17:07:33:00,https://indianexpress.com/article/education/jee-advanced-result-2019-declared-kartikey-gupta-secures-air-1-jeeadv-ac-in-jee-topper-5779966/
Indian Express,"JEE Advanced 2019: Architecture Aptitude Test (AAT) 2019 registration begins, check how to apply",nil,2019-06-14,16:56:06:00,https://indianexpress.com/article/education/jee-advanced-2019-iit-roorkee-architecture-aptitude-test-aat-2019-registration-begins-check-how-to-apply-jeeadv-ac-in-5780982/
Indian Express,How to check JEE Advanced result 2019,nil,2019-06-14,16:31:33:00,https://indianexpress.com/article/education/iit-jee-advanced-result-2019-date-and-time-iit-roorkee-to-released-score-card-rank-list-jeeadv-ac-in-5777694/
India Today," DU's new admission norms to UG courses could have been announced earlier: Delhi HCThe Delhi High Court has heard the petition, but will this change the current
scenario?",news,2019-06-14,22:47:00,https://www.indiatoday.in/education-today/news/story/du-s-new-admission-norms-to-ug-courses-could-have-been-announced-earlier-delhi-hc-1549007-2019-06-14
India Today," IIT Advanced 3rd rank holder Archit Bubna shares success mantraThe 3rd rank holder of IIT JEE Advanced Archit Bubna is planning to pursue
computer science at IIT-Bombay or IIT-Delhi.",news,2019-06-14,22:47:00,https://www.indiatoday.in/education-today/news/story/iit-advanced-3rd-rank-holder-archit-bubna-shares-success-mantra-1548987-2019-06-14
India Today," Here's why Supreme Court refused to hear NEET applicant pleaHours after accepting to hear the pleas of a NEET aspirant, Supreme Court
refused to hear the plea because of a number of reasons.",news,2019-06-14,22:47:00,https://www.indiatoday.in/education-today/news/story/here-s-why-supreme-court-refused-to-hear-neet-applicant-plea-1548945-2019-06-14
India Today, 5 important things we all should learn from JEE Advanced second topper Himanshu Singh A talk with JEE Advanced second topper Himanshu Singh.,news,2019-06-14,22:47:00,https://www.indiatoday.in/education-today/news/story/5-important-things-we-all-should-learn-from-jee-advance-second-topper-himanshu-singh-1548911-2019-06-14
India Today, IIT JEE Advanced answer keys paper 1 and 2 released Students can check their IIT JEE Advanced results 2019 at jeeadv.ac.in.,news,2019-06-14,22:47:00,https://www.indiatoday.in/education-today/news/story/iit-jee-advanced-answer-keys-paper-1-and-2-released-1548874-2019-06-14
India Today," Artificial Intelligence, Data Science jobs see upward trend in MumbaiThe amount to be offered for a data science internship is Rs 1 lakh per
month.",news,2019-06-14,22:47:00,https://www.indiatoday.in/education-today/news/story/artificial-intelligence-data-science-jobs-see-upward-trend-in-mumbai-1548816-2019-06-14
India Today," CHSE Odisha +2 Arts, Commerce Board Result 2019 date and time not fixed yet: How to check Odisha 12th @ orissaresults.nic.inThe Council of Higher Secondary Education (CHSE), Odisha is expected to
declare the CHSE Odisha +2 Arts Result 2019 and CHSE Odisha +2 Commerce Board
Result 2019 next week.",news,2019-06-14,22:47:00,https://www.indiatoday.in/education-today/news/story/chse-odisha-2-arts-commerce-board-result-2019-date-and-time-not-fixed-yet-how-to-check-odisha-12th-orissaresults-nic-in-1548783-2019-06-14
India Today," clatconsortiumofnlu.ac.in to release CLAT Result 2019 today: How to check!CLAT Result 2019 to be out today. More than 47,000 candidates who appeared
for the exam can check result at the official website.",news,2019-06-14,22:47:00,https://www.indiatoday.in/education-today/news/story/clatconsortiumofnlu-ac-in-to-release-clat-result-2019-today-how-to-check-1548680-2019-06-14
India Today," NTA UGC NET 2019 Exams to begin from June 20: Dates, exam patternThe UGC NET exam which is held to determine a candidate's eligibility for
Assistant Professor and or Junior Research Fellowship (JRF) was handed over
to NTA by CBSE.",news,2019-06-14,22:47:00,https://www.indiatoday.in/education-today/news/story/nta-ugc-net-2019-exams-to-begin-from-june-20-dates-exam-pattern-1548752-2019-06-14
India Today," JNUSU alleges varsity's online entrance examinations question papers plagiarisedThe Jawaharlal Nehru Students' Union (JNUSU) has alleged that the entrance
examination question papers were taken from UGC-NET papers.",news,2019-06-14,22:47:00,https://www.indiatoday.in/education-today/news/story/jnusu-alleges-varsity-s-online-entrance-examinations-question-papers-plagiarised-1548743-2019-06-14
India Today," Delhi University (DU) Admission 2019: Last date to apply today, check details hereThe online registration process of Delhi University (UG) Admission 2019
closes today, June 14 on the official website, the link for which is du.ac.in",news,2019-06-14,22:47:00,https://www.indiatoday.in/education-today/news/story/delhi-university-du-admission-2019-last-date-to-apply-today-check-details-here-1548683-2019-06-14
India Today," Odisha government to introduce uniform syllabus for UG courses in universitiesThe minister also asked the vice-chancellors to fill up vacant teaching posts
in their respective universities and colleges affiliated under them as soon
as possible.",news,2019-06-14,22:47:00,https://www.indiatoday.in/education-today/news/story/odisha-govt-uniform-syllabus-ug-courses-divd-1548728-2019-06-14
India Today," Here are 10 amazing facts about our universeThe universe is a name that we use to describe the collection of all things
that exist in space. It is made of trillions of stars, galaxies, black holes,
enormous clouds of gas and many other fascinating things",worldly-science,2019-06-14,22:47:00,https://www.indiatoday.in/education-today/gk-current-affairs/story/here-are-10-amazing-facts-about-our-universe-1548015-2019-06-13
India Today," All about Nipah virus: How is it different from swine flu and bird flu?Doctors say that the symptoms of Nipah infection, swine flu and bird flu are
similar, but there are also differences in how the diseases impact people and
also in their treatment.",worldly-science,2019-06-14,22:47:00,https://www.indiatoday.in/education-today/gk-current-affairs/story/difference-nipah-virus-kerala-swine-flu-bird-flu-symptoms-treatment-1545145-2019-06-08
India Today," Researchers find way to turn plastic waste into jet fuel, here's howResearchers have found a way to turn daily plastic waste products into jet
fuel by melting plastic waste at high temperature with activated carbon.",worldly-science,2019-06-14,22:47:00,https://www.indiatoday.in/education-today/gk-current-affairs/story/plastic-waste-into-jet-fuel-conversion-ways-1542541-2019-06-04
India Today," NASA Artemis: 6 things about the 2024 mission to put the first woman on MoonNASA unveiled the calendar for the 'Artemis' 2024 Moon mission that will
return astronauts to the lunar surface by 2024, including the first woman and
the next man.",worldly-science,2019-06-14,22:47:00,https://www.indiatoday.in/education-today/gk-current-affairs/story/nasa-artemis-2024-moon-mission-first-woman-lunar-surface-things-to-know-1533598-2019-05-24
India Today," Areas with productive climate tend to have more languages: StudyLanguage diversity is closely linked to a region's climate and food
production, researchers have found.",worldly-science,2019-06-14,22:47:00,https://www.indiatoday.in/education-today/gk-current-affairs/story/productive-climate-language-diversity-study-1529426-2019-05-20
India Today," List of 6 manned moon missions: These people set foot on lunar surface after Neil ArmstrongDo you know NASA's Apollo program did a total of six moon landings under its
Apollo programme that ran from 1961 to 1972? Here is a list of manned moon
missions and the people who set foot on the lunar surface. Check pics.",worldly-science,2019-06-14,22:47:00,https://www.indiatoday.in/education-today/gk-current-affairs/story/manned-moon-mission-lunar-surface-moon-landing-nasa-1408563-2018-12-13
India Today," This floating device by IIT Roorkee claims to generate electricity from river surfaceA team at Indian Institute of Technology (IIT) Roorkee is testing a prototype
that harnesses energy from flowing surface water.",worldly-science,2019-06-14,22:47:00,https://www.indiatoday.in/education-today/gk-current-affairs/story/iit-roorkee-device-electricity-flowing-water-1442692-2019-01-30
India Today," What is the difference between Mitosis and Meiosis?There are two processes by which the living organisms divide: Mitosis and
Meiosis",worldly-science,2019-06-14,22:47:00,https://www.indiatoday.in/education-today/gk-current-affairs/story/what-is-the-difference-between-mitosis-and-meiosis-1432936-2019-01-17
India Today," Researchers found an ancient celestial object that might give glimpse into the history of the universe Astronomers have found the brightest and the most ancient quasar through the
Gemini Observation. This discovery raise hopes to find more of such
sources. ",worldly-science,2019-06-14,22:47:00,https://www.indiatoday.in/education-today/gk-current-affairs/story/researchers-found-an-ancient-celestial-object-that-might-give-glimpse-into-the-history-of-the-universe-1430660-2019-01-14
India Today," Holy cow! Mysterious blast studied with NASA telescopes leaves science puzzledThe event -- called AT2018cow and nicknamed 'the Cow' after the coincidental
final letters in its official name -- is unlike any celestial outburst ever
seen before, prompting multiple theories about its source.",worldly-science,2019-06-14,22:47:00,https://www.indiatoday.in/education-today/gk-current-affairs/story/cow-blast-studied-nasa-telescopes-science-puzzled-1430591-2019-01-14
India Today," In the past 40 years, Earth's north magnetic pole shifted MASSIVELYThe magnetic pole is moving fast across the Arctic Ocean, thus, the US
military has requested US and UK scientists to update the five-year magnetic
model early -- in order to help navigation.",worldly-science,2019-06-14,22:47:00,https://www.indiatoday.in/education-today/gk-current-affairs/story/past-40-years-earth-north-magnetic-pole-shifted-massively-1430527-2019-01-14
India Today," 2 Indian researchers create cost-effective, time-efficient AI to inspect solar panelsParveen Bhola, a research scholar and Saurabh Bhardwaj, an associate
professor at India's Thapar Institute of Engineering and Technology explain
solar panels can be inspected in real time.",worldly-science,2019-06-14,22:47:00,https://www.indiatoday.in/education-today/gk-current-affairs/story/2-indian-researchers-cost-effective-time-efficient-ai-inspect-solar-panels-1430359-2019-01-14
India Today," CLAT Result 2019 declared at clat.ac.in: 5 simple steps to checkAs per the notice published on the official website, the CLAT 2019 results
will be released at 6:30 pm on the official site of CLAT at clat.ac.in.",notification,2019-06-14,22:47:00,https://www.indiatoday.in/education-today/notification/story/clat-result-2019-declared-at-clat-ac-in-5-simple-steps-to-check-1548640-2019-06-14
India Today," TS ICET Result 2019 declared at icet.tsche.ac.in: Here's how to checkAll the candidates can check the TS ICET Result 2019 on the official website
of the varsity, the link for which is icet.tsche .ac.in.",notification,2019-06-14,22:47:00,https://www.indiatoday.in/education-today/notification/story/ts-icet-result-2019-declared-at-icet-tsche-ac-in-here-s-how-to-check-1548936-2019-06-14
India Today," HSCAP third allotment list 2019 to be out tomorrow, check result at hscap.kerala.gov.inHSCAP third or supplementary allotment list 2019 to out soon on the official
website. Candidates who appeared for the exam can check result at the
official website.",notification,2019-06-14,22:47:00,https://www.indiatoday.in/education-today/notification/story/hscap-third-allotment-list-2019-to-be-out-tomorrow-check-result-at-hscap-kerala-gov-in-1548823-2019-06-14
India Today," jobs.brlps.in to release BRLPS Admit Card 2019, new exam date to be out soon!BRLPS Admit Card 2019 to be out soon on the official website. Candidates who
are going to appeared in exam can download it from jobs.brlps.in.",notification,2019-06-14,22:47:00,https://www.indiatoday.in/education-today/notification/story/jobs-brlps-in-to-release-brlps-admit-card-2019-new-exam-date-to-be-out-soon-1548871-2019-06-14
India Today," TNPSC Group 4 2019 official notification released: Check details, vacancy details here TNPSC Group 4 exam will be conducted for a total of 6,491 vacancies for eight
posts. here is a list of vacancies post wise",notification,2019-06-14,22:47:00,https://www.indiatoday.in/education-today/notification/story/tnpsc-group-4-2019-official-notification-released-check-details-vacancy-details-here-1548873-2019-06-14
India Today," icet.tsche.ac.in to release TS ICET 2019 result today!The Kakatiya University, Warangal will declare the result for the Integrated
Common Entrance Test (ICET) result on behalf of the Telangana State Council
of Higher Education (TSCHE) on June 14, 2019.",notification,2019-06-14,22:47:00,https://www.indiatoday.in/education-today/notification/story/icet-tsche-ac-in-to-release-ts-icet-2019-result-today-1548762-2019-06-14
India Today," NEET 2019 first counselling to begin on June 19: Here's the list of required documentsThe registration for the first round of the counselling is scheduled to begin
from June 19 and will conclude on June 24 at 5 pm.",notification,2019-06-14,22:47:00,https://www.indiatoday.in/education-today/notification/story/neet-2019-first-counselling-to-begin-on-june-19-here-s-the-list-of-required-documents-1548688-2019-06-14
India Today," CBSE CTET 2019 admit card to release on this date @ ctet.nic.in: Check details hereCandidates who score 60 percent or more in the CTET 2019 exam will be
considered as CTET pass and will be awarded with the Marks Statement and the
CTET qualifying certificate.",notification,2019-06-14,22:47:00,https://www.indiatoday.in/education-today/notification/story/cbse-ctet-2019-admit-card-ctet-nic-in-divd-1548631-2019-06-14
India Today," CLAT Result 2019 to be declared soon: Here's how to checkAs per the notice published on the official website, the CLAT 2019 results
will be released at 6:30 pm on the official site of CLAT at clat.ac.in.",notification,2019-06-14,22:47:00,https://www.indiatoday.in/education-today/notification/story/clat-result-2019-to-be-declared-soon-here-s-how-to-check-1548617-2019-06-14
India Today," BSEB Class 10th, 12th Board Exam 2020 dates released: Check Bihar board exam schedule hereThe Bihar School Examination Board (BSEB) has released the BSEB Class 12 Exam
2020 and BSEB Bihar Board Matric Exam 2020 datesheet.",notification,2019-06-14,22:47:00,https://www.indiatoday.in/education-today/notification/story/bseb-class-10th-12th-board-exam-2020-dates-released-check-bihar-board-exam-schedule-here-1548609-2019-06-14
India Today," JEE Advanced Result 2019: Check JEE Advanced answer keys (final) today @ jeeadv.ac.inThe JEE Advanced Answer Key was released on June 4 and objections against it
was accepted till June 6. The category-wise JEE Advanced rank list or JEE All
India Ranks (AIR) will be released after the declaration of the JEE Advanced
result.",notification,2019-06-14,22:47:00,https://www.indiatoday.in/education-today/notification/story/jee-advanced-result-2019-jee-advanced-answer-keys-jeeadv-ac-in-divd-1548583-2019-06-14
India Today," CLAT 2019 Result to be out tomorrow at 6:30 pmCandidates who have appeared for the exams are requested to go to the
official website of the university i.e  clatconsortiumofnlu.ac.in to check
their results",notification,2019-06-14,22:47:00,https://www.indiatoday.in/education-today/notification/story/clat-2019-result-to-be-out-tomorrow-at-6-30-pm-1548246-2019-06-13
India Today," Career in fashion designing and beyond: All you need to knowFashion designing is one of the most rewarding, alluring, glamorous and
exciting career options in today's world.",jobs-and-careers,2019-06-14,22:47:00,https://www.indiatoday.in/education-today/jobs-and-careers/story/career-in-fashion-designing-and-beyond-all-you-need-to-know-1544948-2019-06-12
India Today," Is it OK to hire friends at work? The answer is not as simple as you'd thinkHow people react to someone hiring a friend at work depends on their cultural
background and where they are in the world, says UNSW professor Josh Keller.",jobs-and-careers,2019-06-14,22:47:00,https://www.indiatoday.in/education-today/jobs-and-careers/story/is-it-ok-to-hire-friends-at-work-the-answer-is-not-as-simple-as-you-d-think-1544415-2019-06-07
India Today," 6 rules to building a solid resume that will surely get you the jobHere are six guidelines that can help to make sure that a recruiter goes from
6 seconds to 30 seconds to a lot more when looking at your resume.",jobs-and-careers,2019-06-14,22:47:00,https://www.indiatoday.in/education-today/jobs-and-careers/story/6-rules-to-building-a-solid-resume-that-will-surely-get-you-the-job-1541546-2019-06-03
India Today," 6 tips you need to prepare for job placements if you're graduating from a foreign universityForeign universities do not guarantee job placements like most Indian
colleges. Here are a few tips to prepare for job placements if you have
graduated from a university abroad.",jobs-and-careers,2019-06-14,22:47:00,https://www.indiatoday.in/education-today/jobs-and-careers/story/6-tips-you-need-to-prepare-for-job-placements-if-you-re-graduating-from-a-foreign-university-1534399-2019-05-25
India Today," LIC ADO Recruitment 2019: Official notice released, check important dates for recruitmentLIC ADO Recruitment 2019: LIC releases the notice for hiring. Interested and
eligible can apply online for LIC ADO Recruitment.",jobs-and-careers,2019-06-14,22:47:00,https://www.indiatoday.in/education-today/jobs-and-careers/story/lic-ado-recruitment-2019-official-notice-released-check-important-dates-for-recruitment-1529509-2019-05-20
India Today," 5 off-beat career options to break the monotony of 9 to 5 jobs9 to 5 jobs are no more the ‘normal’ setup for jobs. With changing
thought patterns of young people, they are looking more for jobs that make a
positive impact or are simply fun to be working on. Here are 5 off-beat
career choices to make work fun!",jobs-and-careers,2019-06-14,22:47:00,https://www.indiatoday.in/education-today/jobs-and-careers/story/5-off-beat-career-options-to-break-the-monotony-of-9-to-5-jobs-1527398-2019-05-17
India Today," Career in Corporate Law - All you need to knowYou have to study for many years, so be prepared for hard work and sacrifice.",jobs-and-careers,2019-06-14,22:47:00,https://www.indiatoday.in/education-today/jobs-and-careers/story/career-in-corporate-law-all-you-need-to-know-1524468-2019-05-14
India Today, Not just farming: 10 upcoming and promising careers in agricultureOrganic food is the next big thing and this sector foresees a huge trend.,jobs-and-careers,2019-06-14,22:47:00,https://www.indiatoday.in/education-today/jobs-and-careers/story/not-just-farming-10-upcoming-and-promising-careers-in-agriculture-1502045-2019-04-15
India Today," Rana Daggubati shares film industry secrets to become a successful scriptwriterRana Daggubati is not just an actor and a producer, but takes immense
pleasure in training young artists in scriptwriting and the art of
storytelling. We got him to share what makes a good script and how you can be
a successful scriptwriter.",jobs-and-careers,2019-06-14,22:47:00,https://www.indiatoday.in/education-today/jobs-and-careers/story/rana-daggubati-shares-top-tips-to-be-a-scriptwriter-1499348-2019-04-13
India Today, Make your career in agriculture: Here's how to be a farmerStart a career in agriculture!,jobs-and-careers,2019-06-14,22:47:00,https://www.indiatoday.in/education-today/jobs-and-careers/story/make-your-career-in-agriculture-here-s-how-to-be-a-farmer-1500145-2019-04-12
India Today," Career as a Naturalist: 'Forest storytellers' speak on skills needed, salary and job prospectsWe got talking to a few naturalists and the manager at Forsyth Lodge to
understand what a career as a naturalist is all about. The jungle
storyteller’s life can be rather adventurous! Find more about the job
prospects of a naturalist and the skills you need to be one.",jobs-and-careers,2019-06-14,22:47:00,https://www.indiatoday.in/education-today/jobs-and-careers/story/career-as-a-naturalist-skills-needed-salary-and-job-prospects-1483424-2019-03-21
India Today," 5 key skills every Investment Banker needs to be hired easilyThese key skills create a successful investment banker and if you have these,
the HR will love to hire you.",jobs-and-careers,2019-06-14,22:47:00,https://www.indiatoday.in/education-today/jobs-and-careers/story/5-key-skills-every-investment-banker-needs-to-be-hired-easily-1481598-2019-03-19
India Today,"  TANCET 2019: Last minute tips and tricks to get high rankThe Tamil Nadu Common Entrance Test (popularly known as TANCET) 2019 for MBA
and MCA programmes will be conducted on June 22. These last minute tips will
help you score well in the examination.",tips-and-tricks,2019-06-14,22:47:00,https://www.indiatoday.in/education-today/tips-and-tricks/story/tancet-2019-last-minute-tips-and-tricks-to-get-high-rank-1544925-2019-06-08
India Today," All you need to know about TANCET 2019Every year, thousands of candidates appear for TANCET for admission into a
good number of colleges for these courses in Tamil Nadu.",tips-and-tricks,2019-06-14,22:47:00,https://www.indiatoday.in/education-today/tips-and-tricks/story/all-you-need-to-know-about-tancet-2019-1543819-2019-06-06
India Today," Last minute tips to ace UPSC prelims 2019UPSC Prelims 2019: Here are some small but pertinent tips to sail through the
tempest seamlessly.",tips-and-tricks,2019-06-14,22:47:00,https://www.indiatoday.in/education-today/tips-and-tricks/story/last-minute-tips-to-ace-upsc-prelims-2019-1539428-2019-05-31
India Today," UPSC Civil Services 2019 prelims: Dos and don'ts for UPSC IAS examThe Union Public Service Commission (UPSC) will conduct the Civil Services
Prelims 2019 examination on June 2.",tips-and-tricks,2019-06-14,22:47:00,https://www.indiatoday.in/education-today/tips-and-tricks/story/upsc-civil-services-2019-prelims-dos-and-don-ts-for-upsc-ias-exam-1535626-2019-05-27
India Today," Last minute tips for AIIMS MBBS entrance exam 2019Here are some last minute tips that can help students to enhance their
chances of cracking AIIMS MBBS entrance examination",tips-and-tricks,2019-06-14,22:47:00,https://www.indiatoday.in/education-today/tips-and-tricks/story/last-minute-tips-for-aiims-mbbs-entrance-exam-2019-1535513-2019-05-27
India Today," Last minute Tips for JEE AdvancedYou would have already focused on all the important areas and would be
certain that you have covered all your favourite topics too.",tips-and-tricks,2019-06-14,22:47:00,https://www.indiatoday.in/education-today/tips-and-tricks/story/last-minute-tips-for-jee-advanced-1535490-2019-05-27
India Today," 15 tips for a high score in JEE Advanced 2019The JEE Advanced 2019 entrance exam is scheduled to be held on May 27. This
year, only 1.73 lakh students have registered for JEE Advanced 2019.",tips-and-tricks,2019-06-14,22:47:00,https://www.indiatoday.in/education-today/tips-and-tricks/story/15-tips-for-a-high-score-in-jee-advanced-2019-1534393-2019-05-25
India Today," JEE Advanced 2019 to be held on May 27: Vital tips and tricks to get AIR 1The JEE Advanced 2019 entrance exam will be conducted by the Indian Institute
of Technology (IIT) Roorkee on May 27.",tips-and-tricks,2019-06-14,22:47:00,https://www.indiatoday.in/education-today/tips-and-tricks/story/jee-advanced-2019-to-be-held-on-may-27-vital-tips-and-tricks-to-get-air-1-1534384-2019-05-25
India Today," NTA NEET 2019 to be held on May 5: Dos and don'ts for NEET aspirantsThe National Testing Agency, NTA will conduct the National Eligibility cum
Entrance Test (NEET), previously known as the All India Pre-Medical Test
(AIPMT) examination on May 5, 2019.",tips-and-tricks,2019-06-14,22:47:00,https://www.indiatoday.in/education-today/tips-and-tricks/story/nta-neet-2019-to-be-held-on-may-5-dos-and-don-ts-for-neet-aspirants-1514488-2019-05-03
India Today," NEET 2019 to be held on May 5: Follow these tips to score high marksThe National Eligibility cum Entrance Test (NEET) will be conducted on May 5,
2019.",tips-and-tricks,2019-06-14,22:47:00,https://www.indiatoday.in/education-today/tips-and-tricks/story/neet-2019-to-be-held-on-may-5-follow-these-tips-to-score-high-marks-1497481-2019-04-09
India Today," JEE Main 2019: These last minute tips will help you get 100 percentileThe Joint Entrance Examination (JEE Main) 2019, April session exam will begin
from tomorrow, April 7.",tips-and-tricks,2019-06-14,22:47:00,https://www.indiatoday.in/education-today/tips-and-tricks/story/jee-main-2019-these-last-minute-tips-will-help-you-get-100-percentile-1495653-2019-04-06
India Today," JEE Main 2019 to begin tomorrow: Exam preparation tips to stay calm and score wellNTA is conducting the JEE Main 2019 tomorrow and most students are in the
process of some last-minute exam preparation. Here are a few tips to stay
calm and score well.",tips-and-tricks,2019-06-14,22:47:00,https://www.indiatoday.in/education-today/tips-and-tricks/story/jee-main-2019-to-begin-tomorrow-exam-preparation-tips-to-stay-calm-and-score-well-1495625-2019-04-06
India Today," CBSE Class 12 Chemistry sample paper 2019 with solutions: Practice nowHere we bring you CBSE Class 12 Chemistry sample paper 2019 for your last
minute preparations in order to score about 95 marks in this tricky subject.",sample-papers,2019-06-14,22:47:00,https://www.indiatoday.in/education-today/sample-papers/story/cbse-class-12-chemistry-sample-paper-2019-divd-1454190-2019-02-12
India Today," CBSE Class 12 Biology sample paper 2019 with solutions: Check nowPractice this CBSE Class 12 Biology sample paper and you are good to go for
your Board exams 2019.",sample-papers,2019-06-14,22:47:00,https://www.indiatoday.in/education-today/sample-papers/story/cbse-class-12-biology-sample-paper-2019-divd-1454151-2019-02-12
India Today," CBSE Class 10 English Sample Paper with solutions: Check nowHere we have CBSE Class 10 English sample paper 2019 with solutions for you
to give a smooth edge for your preparations in CBSE Board exams 2019.",sample-papers,2019-06-14,22:47:00,https://www.indiatoday.in/education-today/sample-papers/story/cbse-class-10-english-sample-paper-cbse-board-exams-2019-divd-1450385-2019-02-07
India Today," CBSE Board Exam 2019: Find Class 10 Maths sample paper with answers hereThe Central Board of Secondary Education (CBSE) has released the datesheet
for class 10 board examination 2019 on its official website, the link for
which is cbse.nic.in",sample-papers,2019-06-14,22:47:00,https://www.indiatoday.in/education-today/sample-papers/story/cbse-board-exam-2019-find-class-10-maths-sample-paper-with-answers-here-1417498-2018-12-26
India Today," CBSE Class 12 Economics sample paper 2019: Check the entire sample paper hereThe board exams were conducted from March to April last year. A total of
10.76 students had registered for the exams, out of which 10.20 lakh
appeared.",sample-papers,2019-06-14,22:47:00,https://www.indiatoday.in/education-today/sample-papers/story/cbse-class-12-economics-sample-paper-2019-divd-1401174-2018-12-03
India Today," CBSE Board Exams 2019: Class 10 Social Science sample paper for 2019 board exams is hereCBSE has released the sample papers and marking scheme for Class 10 and Class
12 on its official website.",sample-papers,2019-06-14,22:47:00,https://www.indiatoday.in/education-today/sample-papers/story/cbse-board-exams-2019-class-10-social-science-sample-paper-for-2019-board-exams-is-here-1397156-2018-11-27
India Today, CBSE Board Exams 2019: Class 12th Biology sample paper is herePractising sample papers enables students to achieve well in board exams.,sample-papers,2019-06-14,22:47:00,https://www.indiatoday.in/education-today/sample-papers/story/cbse-2019-class-12th-biology-sample-paper-1392591-2018-11-20
India Today," CBSE Class 12 Exam 2019: Check the sample paper for Business Studies hereCBSE Exams 2019: The students who are currently studying in Class 12 and are
in Commerce Stream can check the Business Studies sample paper to prepare
well for the exams.",sample-papers,2019-06-14,22:47:00,https://www.indiatoday.in/education-today/sample-papers/story/cbse-2019-bst-class12-1392440-2018-11-20
India Today," CBSE Board Exams 2019: Check class 12 English sample paper hereIn order to give a clear idea to the students regarding the paper pattern,
CBSE has released the sample papers and marking scheme for Class 10 and
Class 12 on its official website.",sample-papers,2019-06-14,22:47:00,https://www.indiatoday.in/education-today/sample-papers/story/cbse-board-exams-2019-1391781-2018-11-19
India Today," CBSE Board Exams 2019: Class 10 English sample paper for 2019 board exams is hereThis practice English sample paper can make you score better in your CBSE
Board Exams 2019.",sample-papers,2019-06-14,22:47:00,https://www.indiatoday.in/education-today/sample-papers/story/cbse-board-exams-2019-class-10-english-sample-paper-for-2019-board-exams-is-here-1390429-2018-11-17
India Today," CBSE Class 12 Physics Board Exam 2018: Solve the sample paper hereThe Central Board of Secondary Education (CBSE) will be conducting the class
12 Physics board exam on March 7.",sample-papers,2019-06-14,22:47:00,https://www.indiatoday.in/education-today/sample-papers/story/cbse-class-12-physics-board-exam-2018-solve-the-sample-paper-here-1177782-2018-02-26
India Today, CBSE Class 12 History Sample Paper: Practice now!The History exam is scheduled to be held on March 20.,sample-papers,2019-06-14,22:47:00,https://www.indiatoday.in/education-today/sample-papers/story/cbse-class-12-history-sample-paper-1157167-2018-01-30
India Today," Earn upto Rs 1.16 lakh at TN TRB! Over 2, 000 posts available, apply from June 24 @ trb.tn.nic.inThe Tamil Nadu Teachers Recruitment Board (TN TRB) has released an official
notification inviting candidates for 2,144 Post Graduate Assistants and
Physical Education Directors Grade 1 post.",government-jobs,2019-06-14,22:47:00,https://www.indiatoday.in/education-today/government-jobs/story/earn-upto-rs-1-16-lakh-at-tn-trb-over-2-000-posts-available-apply-from-june-24-trb-tn-nic-in-1548040-2019-06-13
India Today," BHEL Recruitment 2019: 24 Managerial posts, apply before June 25Interested and eligible candidates can apply online for the BHEL Recruitment
2019 through the official website- bhel.com. The last date for the candidates
to apply is June 25, 2019. ",government-jobs,2019-06-14,22:47:00,https://www.indiatoday.in/education-today/government-jobs/story/bhel-recruitment-2019-24-managerial-posts-apply-before-june-25-1547927-2019-06-13
India Today," 6400 vacancies for constable and SI post vacant in Haryana Staff Selection Commission (HSSC): Check details hereHSSC Recruitment 2019: A total of 6000 vacancies have been notified in
Haryana Staff Selection Commission wherein 6000 vacancies are for Constable
and 400 vacancies are for Sub-Inspector Post.",government-jobs,2019-06-14,22:47:00,https://www.indiatoday.in/education-today/government-jobs/story/6400-vacancies-constable-si-post-haryana-staff-selection-commission-hssc-divd-1546490-2019-06-11
India Today," BECIL Noida is hiring! Apply for 1100 vacancies for skilled and unskilled manpower postsBECIL Recruitment 2019: A total of 1100 vacancies are available out of which
400 are for Skilled Manpower and 700 for Un-Skilled Manpower.",government-jobs,2019-06-14,22:47:00,https://www.indiatoday.in/education-today/government-jobs/story/becil-noida-is-hiring-skilled-and-unskilled-manpower-divd-1545900-2019-06-10
India Today," ICAR IIHR Recruitment 2019 for SRF, JRF posts: Walk-in-interview on June 29ICAR IIHR Recruitment 2019: The eligible candidates can appear for walk in
interview on June 29, 2019.",government-jobs,2019-06-14,22:47:00,https://www.indiatoday.in/education-today/government-jobs/story/icar-iihr-recruitment-2019-walk-in-interview-divd-1544828-2019-06-08
India Today," Prasar Bharati is offering upto Rs 2 lakh for this post: Apply before June 20Prasar Bharati intends to fill up 01 post of Additional Director General
(Administration), in Level 14 of the Pay Matrix as per 7th CPC [PB-4 Rs.
37400-67000+ Grade Pay of Rs. 10,0001- (Pre-revised)] on deputation basis
(including short-term contract) at Delhi.",government-jobs,2019-06-14,22:47:00,https://www.indiatoday.in/education-today/government-jobs/story/prasar-bharati-recruitment-2019-divd-1543901-2019-06-06
India Today," Haryana PSC Recruitment 2019: Apply for 26 Drug Control Officer till this dateIn a modification HPSC has increased the number of vacancies to 26, earlier
which was only 4. So it is the best opportunity for the candidates who are
preparing for the HPSC Exam and willing to see himself/herself as a Drug
Control Officer.",government-jobs,2019-06-14,22:47:00,https://www.indiatoday.in/education-today/government-jobs/story/haryana-psc-recruitment-2019-drug-control-officer-divd-1543854-2019-06-06
India Today," Indian Navy Recruitment 2019: Earn upto Rs 2.12 lakh, here's how to apply @ joinindiannavy.gov.inIndian Navy Recruitment 2019: The Indian Navy has released an official
notification inviting candidates for Short Service Commission (SSC) Officers
in Executive (IT) and Technical Branches of the Indian Navy under University
Entry Scheme (UES), for course commencing June 2020.",government-jobs,2019-06-14,22:47:00,https://www.indiatoday.in/education-today/government-jobs/story/indian-navy-recruitment-2019-earn-upto-rs-2-12-lakh-here-s-how-to-apply-joinindiannavy-gov-in-1543647-2019-06-06
India Today, UDHD Recruitment 2019: Apply for 48 Manager and Community Organizer posts before this dateUDHD Recruitment 2019: Eligible candidate must be of maximum 60 years of age.,government-jobs,2019-06-14,22:47:00,https://www.indiatoday.in/education-today/government-jobs/story/udhd-recruitment-2019-jobs-2019-divd-1542340-2019-06-04
India Today," DRDO Recruitment 2019 for 351 posts begins @ drdo.gov.in: Direct link to apply onlineThe Defence Research and Development Organisation (DRDO) has released an
official notification inviting all the interested, eligible candidates for
351 Technician-A posts.",government-jobs,2019-06-14,22:47:00,https://www.indiatoday.in/education-today/government-jobs/story/drdo-recruitment-2019-for-351-posts-begins-drdo-gov-in-direct-link-to-apply-online-1542188-2019-06-04
India Today," 5500 Steno, Fitter, and Other Trades vacancies in South Eastern Coalfields Limited: Apply last by this dateSECL Recruitment 2019: ITI course from Institute recognized by NCVT/SCVT and
also should have passed 8th/l0th standard of examination as per the
requirement of relevant Trade.",government-jobs,2019-06-14,22:47:00,https://www.indiatoday.in/education-today/government-jobs/story/5500-steno-fitter-vacancies-south-eastern-coalfields-limited-secl-recruitment-2019-divd-1541364-2019-06-03
India Today," Earn upto 2 lakh per month by applying for UPSC CDS 2 2019 recruitment: Check important dates and vacancy details hereUPSC CDS 2 2019 recruitment: UPSC will conduct a written examination on
September 8, 2019 for recruitment of candidates for the course conducted by
Indian Military Academy, Indian Naval Academy, Air Force Academy and Officers
Training Academy (OTA).",government-jobs,2019-06-14,22:47:00,https://www.indiatoday.in/education-today/government-jobs/story/2-lakh-per-month-upsc-cds-2-2019-recruitment-darkari-naukri-sarkari-result-divd-1539215-2019-05-31
India Today," 50 positive words to describe peopleIn this article, we’ll share 50 ‘positive’ words with you to describe
human beings. A good story can fail miserably to convey the message to
people, if not used a correct adjective to describe a character.",grammar-and-vocabulary,2019-06-14,22:47:00,https://www.indiatoday.in/education-today/grammar-vocabulary/story/50-positive-words-to-describe-people-1545918-2019-06-10
India Today," 20 words to replace 'for example'In case, you're tired of using 'for example' again and again, here are some
words you can use instead of 'for example'",grammar-and-vocabulary,2019-06-14,22:47:00,https://www.indiatoday.in/education-today/grammar-vocabulary/story/20-words-to-replace-for-example-1538440-2019-05-30
India Today, 10 ways to politely say 'NO'Here's a look at 10 ways to say 'NO' in a polite manner:,grammar-and-vocabulary,2019-06-14,22:47:00,https://www.indiatoday.in/education-today/grammar-vocabulary/story/10-ways-to-politely-say-no-1505465-2019-04-19
India Today," 20 words to use instead of 'sad'It will not only make your conversation fresh but will also help you convey
the message quite clearly.",grammar-and-vocabulary,2019-06-14,22:47:00,https://www.indiatoday.in/education-today/grammar-vocabulary/story/20-words-to-use-instead-of-sad-1503076-2019-04-16
India Today," 15 political terms you must know before the upcoming electionsReaders and audiences often skip political news due to some difficult terms
as it demands a political savvy element to actually comprehend.",grammar-and-vocabulary,2019-06-14,22:47:00,https://www.indiatoday.in/education-today/grammar-vocabulary/story/electoral-glossary-political-terminology-954640-2017-01-13
India Today," Word of the Year 2018: Toxic, misinformation, nomobhobia among words that defined 2018 as per various top dictionariesOxford, Cambridge, Merriam-Webster, and Collins Dictionaries among others
selected words that defined 2018 which include 'toxic', 'misinformation' and
'nomophobia'.",grammar-and-vocabulary,2019-06-14,22:47:00,https://www.indiatoday.in/education-today/grammar-vocabulary/story/word-of-the-year-2018-announced-by-top-dictionaries-include-toxic-misinformation-nomophobia-html-1421866-2019-01-02
India Today," 7 reasons why 'toxic' is Oxford Dictionary's Word of the Year 2018'Toxic' -- that's how most of the tops news this year can be described, with
'toxic masculinity' becoming one of the most used words in 2018 thanks to
#MeToo. Here are the shortlisted words and why 'toxic' defines 2018.",grammar-and-vocabulary,2019-06-14,22:47:00,https://www.indiatoday.in/education-today/grammar-vocabulary/story/reasons-why-toxic-is-oxford-dictionary-word-of-the-year-html-1389755-2018-11-16
India Today," 100 colourful words to use instead of ‘said’ sorted by the speaker's emotionThese 'said’ synonyms will improve your writing, give it a professional
touch, and also add to your English vocabulary!",grammar-and-vocabulary,2019-06-14,22:47:00,https://www.indiatoday.in/education-today/grammar-vocabulary/story/100-words-to-use-instead-of-said-synonyms-sorted-by-emotion-html-1387531-2018-11-13
India Today, Hindi words that are included in Oxford Dictionary #SlateActHere are the 10 Hindi words that are included in the Oxford Dictionary,grammar-and-vocabulary,2019-06-14,22:47:00,https://www.indiatoday.in/education-today/grammar-vocabulary/story/hindi-words-in-oxford-dictionary-1258235-2018-06-12
India Today," ‘Plastic’ is Oxford’s Children’s Word of the Year 2018 as per 134,000 short stories by children'Plastic' is declared Oxford's Children's Word of the Year after Oxford
Dictionary teams up with BBC Radio to collect short stories written by
children.",grammar-and-vocabulary,2019-06-14,22:47:00,https://www.indiatoday.in/education-today/grammar-vocabulary/story/-plastic-is-oxford-s-children-s-word-of-the-year-2018-as-per-134-000-short-stories-by-children-1257109-2018-06-11
India Today," ‘Nari Shakti’ or women power is the Oxford Dictionaries Hindi Word of the Year 2018: Here’s why this phrase ruled the yearWith the increasing activism of women in various fields, it is only just that
‘nari shakti’ or women power is the Hindi Word of the Year 2018 chosen by
Oxford Dictionaries.  ",grammar-and-vocabulary,2019-06-14,22:47:00,https://www.indiatoday.in/education-today/grammar-vocabulary/story/-nari-shakti-or-women-power-is-the-oxford-dictionaries-hindi-word-of-the-year-2018-1440206-2019-01-27
India Today," What does 'Acquitted' mean?Acquit is a transitive verb which is used for a person who have officially
not been declared guilty for a particular crime by the court.",grammar-and-vocabulary,2019-06-14,22:47:00,https://www.indiatoday.in/education-today/grammar-vocabulary/story/what-does-acquitted-mean-1219681-2018-04-25
India Today," Tips for students moving to a US college: Adjustment tips, finance management and student visa concernsAre you shifting to the United States to study? These student life tips will
help you settle into a smooth life in the US.",study-abroad,2019-06-14,22:47:00,https://www.indiatoday.in/education-today/study-abroad/story/tips-for-students-moving-to-a-us-college-adjustment-tips-finance-management-and-student-visa-concerns-1474623-2019-03-10
India Today," This is why more Indian students will choose the UK for post-graduate programmes this yearWith new Post Brexit rules, the 1-year Master’s programmes in the UK will
regain popularity among Indian students in 2019. Here are the advantages of
studying abroad in the UK.",study-abroad,2019-06-14,22:47:00,https://www.indiatoday.in/education-today/study-abroad/story/this-is-why-more-indian-students-will-choose-the-uk-for-post-graduate-programmes-this-year-1463758-2019-02-24
India Today," 6 questions answered about why Singapore could be your go-study abroad destinationMove over Europe and America! Here is why you should set aside Europe and
America and consider Singapore as your new go-to study abroad destination.",study-abroad,2019-06-14,22:47:00,https://www.indiatoday.in/education-today/study-abroad/story/6-questions-answered-about-why-singapore-could-be-your-go-study-abroad-destination-1463715-2019-02-24
India Today," Why Indian students are now choosing Australia and Canada as study abroad destinations over the USAustralia and Canada continue to rise in popularity among Indian students as
in-demand study abroad destinations.",study-abroad,2019-06-14,22:47:00,https://www.indiatoday.in/education-today/study-abroad/story/why-indian-students-are-now-choosing-australia-and-canada-as-study-abroad-destinations-over-the-us-1453408-2019-02-11
India Today," Studying abroad in UK: What do Indian students prefer?The application process in UK is less stressful than in the US as UK
universities don’t require exams like SAT and accept Indian grading systems
and boards like CBSE and ISC.",study-abroad,2019-06-14,22:47:00,https://www.indiatoday.in/education-today/study-abroad/story/studying-abroad-in-uk-what-do-indian-students-prefer-1446256-2019-02-04
India Today," Want to study in UK? Check out the new trends in Computer Science and Electronic EngineeringIndian students who are looking to study computer science or engineering in
the UK should keep in mind the rising trends in the fields to make the best
career choices.",study-abroad,2019-06-14,22:47:00,https://www.indiatoday.in/education-today/study-abroad/story/want-to-study-in-uk-check-out-the-new-trends-in-computer-science-and-electronic-engineering-1440329-2019-01-27
India Today," Trends for studying abroad in 2019: Top courses, top countries and moreSTEM courses (Science, Technology, Engineering, and Mathematics) have always
remained the top preferences for Indian students for studying abroad, and
2019 will see no exception.",study-abroad,2019-06-14,22:47:00,https://www.indiatoday.in/education-today/study-abroad/story/trends-overseas-education-industry-in-2019-divd-1431292-2019-01-15
India Today," Looking for universities abroad? Check out these 10 top collegesWith the growing demand of students in various fields, many foreign
universities are inviting students from across the world to take admission in
various programmes. According to the recent list of best colleges to study
in, here is a list of colleges from major countries where aspiring candidates
can take admission.",study-abroad,2019-06-14,22:47:00,https://www.indiatoday.in/education-today/study-abroad/story/best-colleges-abroad-study-316471-2016-04-05
India Today, Why is Germany becoming the most preferred place to study: 5 reasons why Indians should study in GermanyThese 5 reasons will motivate you to study in Germany. ,study-abroad,2019-06-14,22:47:00,https://www.indiatoday.in/education-today/study-abroad/story/study-abroad-germany-985244-2017-06-28
India Today," 3 study abroad destinations for engineering students other than US and UKThe US is no longer the only study abroad destination favoured by engineering
students, other countries are raising their heads as go-to career builders.",study-abroad,2019-06-14,22:47:00,https://www.indiatoday.in/education-today/study-abroad/story/3-study-abroad-destinations-for-engineering-students-other-than-us-and-uk-1375144-2018-10-25
India Today," Should I take GMAT or GRE for MBA? Here's an answer to your confusionAre you also facing a dilemma between GMAT and GRE? Don't worry; we are here
to guide you good enough in choosing the best one for you.",study-abroad,2019-06-14,22:47:00,https://www.indiatoday.in/education-today/study-abroad/story/should-i-take-gmat-or-gre-for-mba-divd-1369688-2018-10-17
India Today," Should I take TOEFL and IELTS both? Or one of them is enough? Here's the answer Today we will talk about IELTS and TOEFL exam. Both these exams are required
for admission to universities and colleges in various countries across the
globe.",study-abroad,2019-06-14,22:47:00,https://www.indiatoday.in/education-today/study-abroad/story/toefl-and-ielts-difference-study-abroad-competetive-exams-divd-1366742-2018-10-12
India Today," 08:16INSV Tarini: 6 women, one boat, and a voyage around the world",education,2019-06-14,22:47:00,https://www.indiatoday.in/education-today/video/insv-tarini-6-women-one-boat-and-a-voyage-around-the-world-1473316-2019-03-08
India Today, 16:05This small-town school in Bengal teaches students with apps and storybooks ,education,2019-06-14,22:47:00,https://www.indiatoday.in/education-today/video/levelfield-school-teaches-students-with-apps-and-storybooks-html-1393974-2018-11-22
India Today," 04:19[WATCH] Nipah virus can be transmitted through contaminated water and fruits, warns govt advisoryThe deadly Nipah virus outbreak has already claimed six lives in the southern
state.",education,2019-06-14,22:47:00,https://www.indiatoday.in/education-today/video/-watch-nipah-virus-can-be-transmitted-through-contaminated-water-and-fruits-warns-govt-advisory-1238575-2018-05-22
India Today," 04:49Parents protest against fee hike of some private schools in Delhi NCRParents protest to the unbelievably high, unjustified fee hike of some
private schools in Delhi NCR. India Today Education's special coverage
on school fee hike.",education,2019-06-14,22:47:00,https://www.indiatoday.in/education-today/video/protest-against-school-fee-hike-847323-2017-05-19
India Today," 01:00This Earth Day, we pledge to SAVE EARTH! What is your pledge?This Earth Day, we pledge to SAVE EARTH! What is your pledge?",education,2019-06-14,22:47:00,https://www.indiatoday.in/education-today/video/earth-day-2017-847327-2017-05-19
India Today, 02:13IIT JEE Main clash with Board Exams! Here's what students sayStudents speak on the clash of IIT JEE Main with Board exams!,education,2019-06-14,22:47:00,https://www.indiatoday.in/education-today/video/clash-of-iit-jee-with-board-exams-847328-2017-05-19
India Today," 00:50Delhi youth clueless about Budget 2017!Guys! Do You Know Budget 2017? Look! Delhi Youth Clueless On Budget 2017.
Check out knowledge of these Youngsters on Budget and their answers when they
were asked on Union Budget 2017 by Arun Jaitley",education,2019-06-14,22:47:00,https://www.indiatoday.in/education-today/video/budget-2017-847332-2017-05-19
India Today," 01:22CBSE Class 12 Chemistry exam tomorrow: Important points to rememberNeha Garag Goel of Ramjas School, New Delhi, talks about how to prepare for
the Chemistry exam for the CBSE Class 12 Board Exam 2017.",education,2019-06-14,22:47:00,https://www.indiatoday.in/education-today/video/cbse-class-12-chemistry-exam-844927-2017-03-24
India Today," 03:47CBSE Class 12 English Board Exam 2017: Students' reactions According to reports, the paper was not difficult but lengthy and students
are expecting to score around 85 per cent. ",education,2019-06-14,22:47:00,https://www.indiatoday.in/education-today/video/cbse-class-12-board-2017-english-students-reaction-845468-2017-03-09
India Today," 01:3730 common English mistakes Indians makeAccording to 2001 data, India has the second highest number of English
speaking population in the world. However, for a vast majority, it is an
additional language and not the first one. As such, a lot of errors creep
into the vocabulary of an average English-speaking Indian.",education,2019-06-14,22:47:00,https://www.indiatoday.in/education-today/video/30-common-english-mistakes-by-indians-842845-2017-01-20
India Today," 01:4920 spelling mistakes we often makeEven the most voracious reader misspells common words at times. Spelling
mistakes take away a person's credibility and especially in exams, it can
create a negative impression on the evaluator's mind even if the matter
written on the answer sheet is accurate.",education,2019-06-14,22:47:00,https://www.indiatoday.in/education-today/video/20-spelling-mistakes-844439-2017-01-20
India Today," 02:15Gaurav Maa changing Lives of RAG Pickers | A True Inspiration | Gaurav Maa from Gurgaon is a true inspiration. She has changed the lives of
rag-pickers who now read and write on a paper rather than collecting it like
a waste. Hope they continue carrying their school bags and not sacs, come
help them by volunteering with Gaurav Maa. #TeachersDaySpecial video on
IndiaToday Education",education,2019-06-14,22:47:00,https://www.indiatoday.in/education-today/video/gaurav-maa-teacher-gurgaon-842849-2017-01-20
Time of India,TS Inter Supplementary hall ticket 2019 released for 1st and 2nd year at bie.telangana.gov.in,board exams,2019-06-14,22:47,https://timesofindia.indiatimes.com/home/education/board-exams/ts-inter-supplementary-hall-ticket-2019-for-1st-and-2nd-year-released-at-bie-telangana-gov-in/articleshow/69674427.cms
Time of India,Tamil Nadu Board Exam 2019: Date sheet for class 10 and 12 released,board exams,2019-06-14,22:47,https://timesofindia.indiatimes.com/home/education/board-exams/tamil-nadu-board-exam-2019-date-sheet-for-class-10-and-12-released/articleshow/67742012.cms
Time of India,Quadratic Equation formulas and concepts: Learn how to solve questions easily,board exams,2019-06-14,22:47,https://timesofindia.indiatimes.com/home/education/board-exams/quadratic-equations-learn-important-formulas-and-concepts-in-easy-steps/articleshow/65841662.cms
Time of India,BSEH Class 12 result on May 18 on bseh.org.in,board exams,2019-06-14,22:47,https://timesofindia.indiatimes.com/home/education/board-exams/bseh-class-12-result-on-may-18-on-bseh-org-in/articleshow/64110253.cms
Time of India,BSEH Class 10 Result 2018 to be released on May 21 at bseh.org.in,board exams,2019-06-14,22:47,https://timesofindia.indiatimes.com/home/education/board-exams/bseh-class-10-result-2018-to-be-released-on-may-21-at-bseh-org-in/articleshow/64110097.cms
Time of India,GSEB HSC Result 2018: Gujarat class 12th science results released @ gseb.org; check your result here,board exams,2019-06-14,22:47,https://timesofindia.indiatimes.com/home/education/board-exams/gseb-hsc-result-2018-gujarat-class-12-science-results-today-gseb-org/articleshow/64100678.cms
Time of India,"MBOSE HSSLC Result 2018: Meghalaya HSSLC Science, Commerce, Vocational results declared @ results.mbose.in",board exams,2019-06-14,22:47,https://timesofindia.indiatimes.com/home/education/board-exams/mbose-result-2018-meghalaya-board-hsslc-result-for-science-commerce-vocational-streams-today-mbose-in/articleshow/64100685.cms
Time of India,Chhattisgarh class 10 and 12 results: Girls outshine boys,board exams,2019-06-14,22:47,https://timesofindia.indiatimes.com/home/education/board-exams/chhattisgarh-class-10-and-12-results-girls-outshine-boys/articleshow/64098973.cms
Time of India,Kerala SSLC results 2018: KBPE Class 10th result likely on May 3,board exams,2019-06-14,22:47,https://timesofindia.indiatimes.com/home/education/board-exams/kbpe-likely-to-release-kerala-class-10-result-in-first-week-of-may/articleshow/63974910.cms
Time of India,Odisha board results likely to be announced on first week of May,board exams,2019-06-14,22:47,https://timesofindia.indiatimes.com/home/education/board-exams/odisha-board-results-likely-to-be-announced-on-first-week-of-may/articleshow/63974382.cms
Time of India,"CBSE to release Class 10 & 12 results on time, no delay due to economics paper: CBSE official",board exams,2019-06-14,22:47,https://timesofindia.indiatimes.com/home/education/board-exams/cbse-to-release-class-10-12-results-on-time-no-delay-due-to-economics-paper-cbse-official/articleshow/63973701.cms
Time of India,"AP SSC Results 2018: Andhra Pradesh 10th Class results released, pass percentage 94.48%",board exams,2019-06-14,22:47,https://timesofindia.indiatimes.com/home/education/board-exams/ap-ssc-results-2018-andhra-pradesh-10th-class-results-soon-live-updates/articleshow/63960090.cms
Time of India,"UP Board results: Anjali Verma tops class X, Rajneesh Shukla & Akash Maurya top class XII",board exams,2019-06-14,22:47,https://timesofindia.indiatimes.com/home/education/board-exams/up-board-results-anjali-verma-tops-class-x-rajneesh-shukla-akash-maurya-tops-class-xii/articleshow/63959474.cms
Time of India,Andhra Pradesh class 10th result today; here is download link,board exams,2019-06-14,22:47,https://timesofindia.indiatimes.com/home/education/board-exams/ap-ssc-results-2018-andhra-pradesh-class-10th-result-2018-tomorrow-register-here-for-result/articleshow/63948736.cms
Time of India,UP Board result 2018: UPMSP Class 10 &12 result tomorrow; register here for result SMS,board exams,2019-06-14,22:47,https://timesofindia.indiatimes.com/home/education/board-exams/up-board-result-2018-upmsp-class-10-12-result-tomorrow-register-here-for-result-sms/articleshow/63949048.cms
Time of India,Karnataka PUC Results 2018 date declared; Details here,board exams,2019-06-14,22:47,https://timesofindia.indiatimes.com/home/education/board-exams/karnataka-puc-results-2018-date-released-check-here/articleshow/63924724.cms
Time of India,JKBOSE results 2018: Class 12 part 2 results for Jammu region released @ jkbose.jk.gov.in; check here,board exams,2019-06-14,22:47,https://timesofindia.indiatimes.com/home/education/board-exams/jkbose-results-2018-class-12-part-2-results-for-jammu-region-released-on-jkbose-jk-gov-in/articleshow/63916012.cms
Time of India,CBSE Class 12 economics paper re-test on Wednesday,board exams,2019-06-14,22:47,https://timesofindia.indiatimes.com/home/education/board-exams/cbse-class-12-economics-paper-re-test-on-wednesday/articleshow/63899543.cms
Time of India,"UP Board Results 2018: UPMSP Board 2018 Class 10, 12 Results on April 29; get your result here",board exams,2019-06-14,22:47,https://timesofindia.indiatimes.com/home/education/board-exams/upmsp-board-results-2018-up-board-class-10-12-results-date-and-time-confirmed-check-here/articleshow/63892797.cms
Time of India,HP BOSE Class 12 Board Results 2018 declared; check your result here,board exams,2019-06-14,22:47,https://timesofindia.indiatimes.com/home/education/board-exams/hp-bose-class-12-board-results-2018-releases-today-live-updates/articleshow/63892406.cms
Time of India,NEET 2018: Last-minute preparation tips to make the cut,entrance exams,2019-06-14,22:47,https://timesofindia.indiatimes.com/home/education/entrance-exams/neet-2018-last-minute-preparation-tips-to-make-the-cut/articleshow/64039621.cms
Time of India,"JEE Advanced 2018 registration begins from May 2, exam on May 20",entrance exams,2019-06-14,22:47,https://timesofindia.indiatimes.com/home/education/entrance-exams/jee-advanced-2018-registration-to-begin-from-may-2-exam-on-may-20/articleshow/63978142.cms
Time of India,JEE Main Result 2018: Lucknow boy bags AIR 436 in JEE Main,entrance exams,2019-06-14,22:47,https://timesofindia.indiatimes.com/home/education/entrance-exams/jee-main-result-2018-lucknow-boy-bags-air-436-in-jee-main/articleshow/63977603.cms
Time of India,"CLAT 2018 admit card released, here is the direct link to download CLAT Admit Card 2018",entrance exams,2019-06-14,22:47,https://timesofindia.indiatimes.com/home/education/entrance-exams/clat-2018-admit-card-released-here-is-the-direct-link-to-download-clat-admit-card-2018/articleshow/63931638.cms
Time of India,NEET 2018: Plea in HC seeks to re-allot exam centres for NEET candidates in TN,entrance exams,2019-06-14,22:47,https://timesofindia.indiatimes.com/home/education/entrance-exams/neet-2018-plea-in-hc-seeks-to-re-allot-exam-centres-for-neet-candidates-in-tn/articleshow/63912728.cms
Time of India,JEE Advanced 2018 exam on May 20; here are some smart tips for a high score,entrance exams,2019-06-14,22:47,https://timesofindia.indiatimes.com/home/education/entrance-exams/jee-advanced-2018-exam-on-may-20-here-are-some-smart-tips-for-a-high-score/articleshow/63877360.cms
Time of India,CBSE to release JEE Main 2018 answer key on April 24,entrance exams,2019-06-14,22:47,https://timesofindia.indiatimes.com/home/education/entrance-exams/cbse-to-release-jee-main-2018-answer-key-on-april-24/articleshow/63876996.cms
Time of India,TS EAMCET 2018 hall ticket now available @ eamcet.tsche.ac.in; find direct download link here,entrance exams,2019-06-14,22:47,https://timesofindia.indiatimes.com/home/education/entrance-exams/ts-eamcet-2018-hall-ticket-releases-today-check-and-download-from-eamcet-tsche-ac-in/articleshow/63840355.cms
Time of India,NEET 2018: Only 4 out of 100 candidates will get admission this year,entrance exams,2019-06-14,22:47,https://timesofindia.indiatimes.com/home/education/entrance-exams/neet-2018-only-four-candidates-will-get-admission-out-of-100-this-year/articleshow/63827695.cms
Time of India,VITEEE Results 2018 likely to be declared next week,entrance exams,2019-06-14,22:47,https://timesofindia.indiatimes.com/home/education/entrance-exams/viteee-results-2018-likely-to-be-declared-next-week/articleshow/63816652.cms
Time of India,AP EAMCET 2018 Admit Card released @ sche.ap.gov.in; here's direct link,entrance exams,2019-06-14,22:47,https://timesofindia.indiatimes.com/home/education/entrance-exams/jntu-to-release-ap-eamcet-admit-card-2018-today-check-and-download-here-at-sche-ap-gov-in/articleshow/63813757.cms
Time of India,CG Vyapam BDED18: Apply online for B.Ed & D.El.Ed Entrance Exam 2018,entrance exams,2019-06-14,22:47,https://timesofindia.indiatimes.com/home/education/entrance-exams/cg-vyapam-bded18-apply-online-for-b-ed-d-el-ed-entrance-exam-2018/articleshow/63811704.cms
Time of India,Karnataka CET begins today,entrance exams,2019-06-14,22:47,https://timesofindia.indiatimes.com/home/education/entrance-exams/karnataka-cet-begins-today/articleshow/63809356.cms
Time of India,JNTU to release AP EAMCET Admit Card 2018 today; check and download here at sche.ap.gov.in,entrance exams,2019-06-14,22:47,https://timesofindia.indiatimes.com/home/education/entrance-exams/jntu-to-release-ap-eamcet-admit-card-2018-today-check-and-download-here-at-sche-ap-gov-in/articleshow/63809127.cms
Time of India,CBSE to declare JEE Main 2018 results on April 30,entrance exams,2019-06-14,22:47,https://timesofindia.indiatimes.com/home/education/entrance-exams/cbse-to-declare-jee-main-2018-results-on-april-30/articleshow/63799677.cms
Time of India,"NEET Admit Card 2018: CBSE releases NEET Admit Card, check and download here at cbseneet.nic.in",entrance exams,2019-06-14,22:47,https://timesofindia.indiatimes.com/home/education/entrance-exams/neet-2018-cbse-releases-neet-2018-admit-card-check-and-download-here-at-cbseneet-nic-in/articleshow/63795471.cms
Time of India,"CBSE to release NEET Admit Card this week, exam to be held on May 6",entrance exams,2019-06-14,22:47,https://timesofindia.indiatimes.com/home/education/entrance-exams/cbse-to-release-neet-admit-card-this-week-exam-to-be-held-on-may-6/articleshow/63778699.cms
Time of India,"For an MBBS seat, you need just 5% in physics, 20% in biology",entrance exams,2019-06-14,22:47,https://timesofindia.indiatimes.com/home/education/entrance-exams/for-an-mbbs-seat-you-need-just-5-in-physics-20-in-biology/articleshow/63766660.cms
Time of India,BITSAT 2018 Admit Card released; check and download here at bitsadmission.com,entrance exams,2019-06-14,22:47,https://timesofindia.indiatimes.com/home/education/entrance-exams/bitsat-2018-admit-card-likely-to-be-released-today/articleshow/63724548.cms
Time of India,"COMEDK UGET 2018: Applications close on April 19, apply @ comedk.org",entrance exams,2019-06-14,22:47,https://timesofindia.indiatimes.com/home/education/entrance-exams/comedk-uget-2018-applications-close-on-april-19-apply-on-comedk-org/articleshow/63712457.cms
Time of India,"CLAT 2019 results to be declared today, check details here",exams result news,2019-06-14,22:47,https://timesofindia.indiatimes.com/home/education/exam-results/clat-2019-results-to-be-declared-on-june-14-check-details-here/articleshow/69750752.cms
Time of India,"BPSC CDPO Mains Result 2019 announced @ bpsc.bih.nic.in, here's direct link",exams result news,2019-06-14,22:47,https://timesofindia.indiatimes.com/home/education/exam-results/bpsc-cdpo-mains-result-2019-announced-bpsc-bih-nic-in-heres-direct-link/articleshow/69773705.cms
Time of India,AP Intermediate Supplementary result 2019 declared; check details here,exams result news,2019-06-14,22:47,https://timesofindia.indiatimes.com/home/education/exam-results/ap-inter-supply-results-2019-ap-intermediate-supplementary-result-2019-declared/articleshow/69767934.cms
Time of India,"Kerala HSCAP 3rd allotment list to be released by June 15 @ hscap.kerala.gov.in, check details here",exams result news,2019-06-14,22:47,https://timesofindia.indiatimes.com/home/education/exam-results/kerala-hscap-3rd-allotment-list-to-be-released-by-june-15-hscap-kerala-gov-in-check-details-here/articleshow/69769771.cms
Time of India,"OUAT result 2019: OUAT UG Form B editing last date tomorrow, rank card to be out on July 8",exams result news,2019-06-14,22:47,https://timesofindia.indiatimes.com/home/education/exam-results/ouat-result-2019-likely-to-be-released-today-at-ouat-nic-in-check-details/articleshow/69766910.cms
Time of India,AU to announce UG entrance test results today,exams result news,2019-06-14,22:47,https://timesofindia.indiatimes.com/home/education/exam-results/au-to-announce-ug-entrance-test-results-today/articleshow/69739401.cms
Time of India,AP EAMCET 2019 rank card released @ sche.ap.gov.in; download here,exams result news,2019-06-14,22:47,https://timesofindia.indiatimes.com/home/education/exam-results/ap-eamcet-2019-rank-card-released-sche-ap-gov-in-download-here/articleshow/69727714.cms
Time of India,TS DOST 2019 seat allotment first list released @ dost.cgg.gov.in,exams result news,2019-06-14,22:47,https://timesofindia.indiatimes.com/home/education/exam-results/ts-dost-seat-allotment-first-list-to-be-released-today-dost-cgg-gov-in/articleshow/69724232.cms
Time of India,"KEAM 2019 rank list published @ cee-kerala.org, check details here",exams result news,2019-06-14,22:47,https://timesofindia.indiatimes.com/home/education/exam-results/keam-2019-rank-list-published-cee-kerala-org-check-link-here/articleshow/69719222.cms
Time of India,"TS EAMCET result 2019 declared @ eamcet.tsche.ac.in, check link here",exams result news,2019-06-14,22:47,https://timesofindia.indiatimes.com/home/education/exam-results/ts-eamcet-result-2019-announced-eamcet-tsche-ac-in-check-your-score-here/articleshow/69709262.cms
Time of India,RBSE 8th result 2019 declared at rajeduboard.rajasthan.gov.in; check here,exams result news,2019-06-14,22:47,https://timesofindia.indiatimes.com/home/education/exam-results/rbse-8th-result-2019-declared-at-rajresults-nic-in-download-here/articleshow/69690662.cms
Time of India,RBSE class 8 result 2019 declared at rajeduboard.rajasthan.gov.in; download here,exams result news,2019-06-14,22:47,https://timesofindia.indiatimes.com/home/education/exam-results/rbse-8th-result-2019-expected-shortly-rajresults-nic-in-check-details-here/articleshow/69661559.cms
Time of India,NIOS Class 12th Result 2019 declared @results.nios.ac.in; here's direct link,exams result news,2019-06-14,22:47,https://timesofindia.indiatimes.com/home/education/exam-results/nios-12th-results-2019-announced-results-nios-ac-in-heres-direct-link/articleshow/69678374.cms
Time of India,NEET UG 2019 Result: No students from Odisha among top 50 ranks,exams result news,2019-06-14,22:47,https://timesofindia.indiatimes.com/home/education/exam-results/neet-ug-2019-result-no-students-from-odisha-among-top-50-ranks/articleshow/69670250.cms
Time of India,"NEET UG Result 2019: Jashan, Nimrat brought laurels to Patiala",exams result news,2019-06-14,22:47,https://timesofindia.indiatimes.com/home/education/exam-results/neet-ug-result-2019-jashan-nimrat-brought-laurels-to-patiala/articleshow/69670210.cms
Time of India,Maharashtra MHT CET 2019 results released @ mhtcet.org; website down,exams result news,2019-06-14,22:47,https://timesofindia.indiatimes.com/home/education/exam-results/maharashtra-mht-cet-2019-results-declared-mhtcet-org-check-details-here/articleshow/69640454.cms
Time of India,TNDTE DOTE diploma result April 2019 released @tndte.gov.in; check direct link here,exams result news,2019-06-14,22:47,https://timesofindia.indiatimes.com/home/education/exam-results/tndte-dote-diploma-result-april-2019-declared-tndte-gov-in-check-direct-link-here/articleshow/69645664.cms
Time of India,"Rajasthan Board Class X result 2019 now available @ rajresults.nic.in, check link here",exams result news,2019-06-14,22:47,https://timesofindia.indiatimes.com/home/education/exam-results/rajasthan-board-class-x-result-2019-now-available-rajresults-nic-in-heres-direct-link/articleshow/69631885.cms
Time of India,CHSE +2 Science result 2019 to be released on June 3,exams result news,2019-06-14,22:47,https://timesofindia.indiatimes.com/home/education/exam-results/chse-2-science-result-2019-to-be-released-on-june-3/articleshow/69613399.cms
Time of India,Bihar Class 10 compartmental results 2019 released; 73.67% passed,exams result news,2019-06-14,22:47,https://timesofindia.indiatimes.com/home/education/exam-results/bihar-class-10-compartmental-results-2019-released-73-67-passed/articleshow/69597480.cms
Time of India,National Law University Jodhpur Admission 2018: 25% seats to be reserved for Rajasthan domicile students,admission news,2019-06-14,22:47,https://timesofindia.indiatimes.com/home/education/admissions/national-law-university-jodhpur-admission-2018-25-seats-to-be-reserved-for-rajasthan-domicile-students/articleshow/63186657.cms
Time of India,Australia's Macquarie University introduces cyber security programme,admission news,2019-06-14,22:47,https://timesofindia.indiatimes.com/home/education/admissions/australias-macquarie-university-introduces-cyber-security-programme/articleshow/63168914.cms
Time of India,Chandigarh administration to introduce online admission system in city colleges,admission news,2019-06-14,22:47,https://timesofindia.indiatimes.com/home/education/admissions/chandigarh-administration-to-introduce-online-admission-system-in-city-colleges/articleshow/62916109.cms
Time of India,HC quashes UP's move to admit Ayush students on NEET basis,admission news,2019-06-14,22:47,https://timesofindia.indiatimes.com/home/education/admissions/hc-quashes-ups-move-to-admit-ayush-students-on-neet-basis/articleshow/59770140.cms
Time of India,"VJTI increases MTech, PhD course fees by up to 250% for new students",admission news,2019-06-14,22:47,https://timesofindia.indiatimes.com/home/education/admissions/vjti-increases-mtech-phd-course-fees-by-up-to-250-for-new-students/articleshow/59674736.cms
Time of India,Follow your heart while choosing course: Experts,admission news,2019-06-14,22:47,https://timesofindia.indiatimes.com/home/education/admissions/follow-your-heart-while-choosing-course-experts/articleshow/59674166.cms
Time of India,Trouble at Bhagat Singh college over wrong cutoff,admission news,2019-06-14,22:47,https://timesofindia.indiatimes.com/home/education/admissions/trouble-at-bhagat-singh-college-over-wrong-cutoff/articleshow/59656747.cms
Time of India,3% point dip in Ambedkar University 4th list,admission news,2019-06-14,22:47,https://timesofindia.indiatimes.com/home/education/admissions/3-point-dip-in-ambedkar-university-4th-list/articleshow/59658790.cms
Time of India,"2nd merit list to be out tomorrow evening, cut-offs not likely to drop",admission news,2019-06-14,22:47,https://timesofindia.indiatimes.com/home/education/admissions/2nd-merit-list-to-be-out-tomorrow-evening-cut-offs-not-likely-to-drop/articleshow/59657042.cms
Time of India,Cricketer Ajay Guliya fights tooth and nail for getting into Delhi University,admission news,2019-06-14,22:47,https://timesofindia.indiatimes.com/home/education/admissions/cricketer-ajay-guliya-fights-tooth-and-nail-for-getting-into-delhi-university/articleshow/59640887.cms
Time of India,Focus shifts to reserved category seats at Delhi University,admission news,2019-06-14,22:47,https://timesofindia.indiatimes.com/home/education/admissions/focus-shifts-to-reserved-category-seats-at-du/articleshow/59624491.cms
Time of India,New admission rules for FYJC get thumbs up,admission news,2019-06-14,22:47,https://timesofindia.indiatimes.com/home/education/admissions/new-admission-rules-for-fyjc-get-thumbs-up/articleshow/59614394.cms
Time of India,"Just few FYJC seats left in top colleges, cut-offs unlikely to drop in 2nd round",admission news,2019-06-14,22:47,https://timesofindia.indiatimes.com/home/education/admissions/just-few-fyjc-seats-left-in-top-colleges-cut-offs-unlikely-to-drop-in-2nd-round/articleshow/59614281.cms
Time of India,"Delhi University: ECA admissions start, Monday date for sports",admission news,2019-06-14,22:47,https://timesofindia.indiatimes.com/home/education/admissions/eca-admissions-start-monday-date-for-sports/articleshow/59613863.cms
Time of India,Delhi University admissions: Centralised process hurdle for many,admission news,2019-06-14,22:47,https://timesofindia.indiatimes.com/home/education/admissions/centralised-process-hurdle-for-many/articleshow/59613860.cms
Time of India,Delhi University admissions: Slight dip likely in 5th cutoff list,admission news,2019-06-14,22:47,https://timesofindia.indiatimes.com/home/education/admissions/slight-dip-likely-in-5th-cutoff-list/articleshow/59613923.cms
Time of India,30% more women enter IIT-Delhi after third round of counselling,admission news,2019-06-14,22:47,https://timesofindia.indiatimes.com/home/education/admissions/30-more-women-enter-iit-d-after-third-round-of-counselling/articleshow/59613966.cms
Time of India,BCA admission: PGGC-11 steals show on Day 2,admission news,2019-06-14,22:47,https://timesofindia.indiatimes.com/home/education/admissions/bca-admission-pggc-11-steals-show-on-day-2/articleshow/59606838.cms
Time of India,48% of FYJC seats allotted in first round lie unclaimed,admission news,2019-06-14,22:47,https://timesofindia.indiatimes.com/home/education/admissions/48-of-fyjc-seats-allotted-in-first-round-lie-unclaimed/articleshow/59606239.cms
Time of India,MBBS Admissions: Kerala high court reserves case for Judgement; criticises govt,admission news,2019-06-14,22:47,https://timesofindia.indiatimes.com/home/education/admissions/mbbs-admissions-kerala-high-court-reserves-case-for-judgement-criticises-govt/articleshow/59600015.cms
Time of India,Indian Coast Guard admit card 2019 for Assistant Commandant post released; download here,jobs,2019-06-14,22:47,https://timesofindia.indiatimes.com/home/education/jobs/news/indian-coast-guard-admit-card-2019-for-assistant-commandant-post-released-download-here/articleshow/69785927.cms
Time of India,TPSC admit card 2019 released for TCS Grade II exam at tpsconline.in,jobs,2019-06-14,22:47,https://timesofindia.indiatimes.com/home/education/jobs/news/tpsc-admit-card-2019-released-for-tcs-grade-ii-exam-at-tpsconline-in/articleshow/69784149.cms
Time of India,IDBI AM and Executive result 2019 released at idbibank.in,jobs,2019-06-14,22:47,https://timesofindia.indiatimes.com/home/education/jobs/news/idbi-am-and-executive-result-2019-released-at-idbibank-in/articleshow/69783878.cms
Time of India,"RPF admit card 2019 for Group A,B & E released at cpanc.rpfonlinereg.org; here’s direct link",jobs,2019-06-14,22:47,https://timesofindia.indiatimes.com/home/education/jobs/news/rpf-admit-card-2019-for-group-ab-e-released-at-cpanc-rpfonlinereg-org-heres-direct-link/articleshow/69768723.cms
Time of India,AP Special DSC hall ticket 2019 released today; download here,jobs,2019-06-14,22:47,https://timesofindia.indiatimes.com/home/education/jobs/news/ap-special-dsc-hall-ticket-2019-to-be-released-today-check-details-here/articleshow/69765861.cms
Time of India,TSLPRB Certificate Verification admit card 2019 released at tslprb.in; download here,jobs,2019-06-14,22:47,https://timesofindia.indiatimes.com/home/education/jobs/news/tslprb-certificate-verification-admit-card-2019-released-at-tslprb-in-download-here/articleshow/69766194.cms
Time of India,SSC releases Selection Post Phase VI final answer key at ssc.nic.in; check here,jobs,2019-06-14,22:47,https://timesofindia.indiatimes.com/home/education/jobs/news/ssc-releases-selection-post-phase-vi-final-answer-key-at-ssc-nic-in-check-here/articleshow/69750578.cms
Time of India,SBI SO Recruitment 2019: Application process for 579 vacancies ends today,jobs,2019-06-14,22:47,https://timesofindia.indiatimes.com/home/education/jobs/news/sbi-so-recruitment-2019-application-process-for-579-vacancies-ends-tomorrow/articleshow/69738703.cms
Time of India,UP Police Constable revised result released at uppbpb.gov.in; download here,jobs,2019-06-14,22:47,https://timesofindia.indiatimes.com/home/education/jobs/news/up-police-constable-revised-result-released-at-uppbpb-gov-in-download-here/articleshow/69749835.cms
Time of India,BSF recruitment 2019: Online registration ends today for 1072 HC posts at bsf.nic.in,jobs,2019-06-14,22:47,https://timesofindia.indiatimes.com/home/education/jobs/news/bsf-recruitment-2019-online-registration-ends-today-for-1072-hc-posts-at-bsf-nic-in/articleshow/69749748.cms
Time of India,APPSC Panchayat Secretary revised answer key expected soon @ psc.ap.gov.in,jobs,2019-06-14,22:47,https://timesofindia.indiatimes.com/home/education/jobs/news/appsc-panchayat-secretary-revised-answer-key-expected-soon-psc-ap-gov-in/articleshow/69726973.cms
Time of India,Odisha GDS result 2019 declared; check the merit list here,jobs,2019-06-14,22:47,https://timesofindia.indiatimes.com/home/education/jobs/news/odisha-gds-result-2019-declared-check-the-merit-list-here/articleshow/69726112.cms
Time of India,UPSC Engineering Services Main exam 2019 admit card released at upsc.gov.in,jobs,2019-06-14,22:47,https://timesofindia.indiatimes.com/home/education/jobs/news/upsc-engineering-services-main-exam-2019-admit-card-released-at-upsc-gov-in/articleshow/69689120.cms
Time of India,RRB Junior Translator/Hindi syllabus 2019 released at rrbcdg.gov.in; check here,jobs,2019-06-14,22:47,https://timesofindia.indiatimes.com/home/education/jobs/news/rrb-syllabus-2019-for-junior-translator/hindi-at-rrbcdg-gov-in-check-here/articleshow/69677140.cms
Time of India,"SSC releases final answer key for JHT, SHT, and other posts at ssc.nic.in",jobs,2019-06-14,22:47,https://timesofindia.indiatimes.com/home/education/jobs/news/ssc-releases-final-answer-key-for-jht-sht-and-other-posts-at-ssc-nic-in/articleshow/69650928.cms
Time of India,LIC India AAO Prelims 2019 result announced; check direct link here,jobs,2019-06-14,22:47,https://timesofindia.indiatimes.com/home/education/jobs/news/lic-india-aao-prelims-2019-result-announced-check-merit-list-here/articleshow/69649943.cms
Time of India,UPSC calendar 2020 released at upsc.gov.in; check detailed schedule here,jobs,2019-06-14,22:47,https://timesofindia.indiatimes.com/home/education/jobs/news/upsc-calendar-2020-released-at-upsc-gov-in-check-detailed-schedule-here/articleshow/69635159.cms
Time of India,IAF AFCAT recruitment 2019: Apply online at afcat.cdac.in,jobs,2019-06-14,22:47,https://timesofindia.indiatimes.com/home/education/jobs/news/iaf-afcat-recruitment-2019-apply-online-at-afcat-cdac-in/articleshow/69623681.cms
Time of India,"UPPSC paper leak: Press staff, chat trail sealed examination controller fate",jobs,2019-06-14,22:47,https://timesofindia.indiatimes.com/home/education/jobs/news/uppsc-paper-leak-press-staff-chat-trail-sealed-examination-controller-fate/articleshow/69612901.cms
Time of India,Uttarakhand District Cooperative Bank admit card 2019 for various posts released; download here,jobs,2019-06-14,22:47,https://timesofindia.indiatimes.com/home/education/jobs/news/uttarakhand-district-cooperative-bank-admit-card-2019-for-various-posts-released-download-here/articleshow/69612658.cms
