Newspaper,Heading,Category,Date,Time,URL
Hindiustan Times,"85-year-old UAE-based Indian expat collects over 2,000 coins as part of his hobby",world,2019-06-08,11:12:00,https://www.hindustantimes.com/world-news/85-year-old-uae-based-indian-expat-collects-over-2-000-coins/story-LvIK05IWZSJR2jc6oSYMZL.html
Hindiustan Times,US air force permits Sikh to wear turbans and beard on duty as ‘religious accommodation’,world,2019-06-08,01:52:00,https://www.hindustantimes.com/world-news/us-air-force-permits-sikh-to-wear-turbans-and-beard-on-duty-as-religious-accommodation/story-nm6P5bUeCbp15BE99XH20M.html
Hindiustan Times,"‘They harassed, asked us to kiss’: Lesbian couple assaulted on London bus",world,2019-06-08,09:15:00,https://www.hindustantimes.com/world-news/lesbian-couple-attacked-on-london-bus-for-refusing-to-kiss-for-gang-of-men/story-dYostjRnNWHrPkDHbpypaJ.html
Hindiustan Times,PM Modi first world leader to visit Sri Lanka after Easter bombings,world,2019-06-09,12:40:00,https://www.hindustantimes.com/world-news/colombo-turns-a-fortress-as-pm-modi-lands-in-sri-lanka/story-r5oYqWWN1I7QsrYxhaLGuI.html
Hindiustan Times,Writer sues publisher for $13 million after losing book deal over a tweet,world,2019-06-09,12:40:00,https://www.hindustantimes.com/world-news/writer-sues-publisher-for-13-4-million-after-losing-book-deal-over-a-tweet/story-p53ZRRckLhjbvatYtUdThL.html
Hindiustan Times,"Several injured in Washington, DC, pride parade from gun scare",world,2019-06-09,10:27:00,https://www.hindustantimes.com/world-news/several-injured-in-washington-dc-pride-parade-from-gun-scare/story-hOHpkbYpRh3RhUdaDcx9bK.html
Hindiustan Times,Sri Lanka president Maithripala Sirisena sacks intel boss over Easter bombings probe,world,2019-06-09,10:11:00,https://www.hindustantimes.com/world-news/sri-lanka-president-maithripala-sirisena-sacks-intel-boss-over-easter-bombings-probe/story-RVftKnKdnmxl7aNGTiKpGN.html
Hindiustan Times,"Cannabis lassi, cocaine: The past drug use of UK PM hopefuls",world,2019-06-09,10:05:00,https://www.hindustantimes.com/world-news/cannabis-lassi-cocaine-the-past-drug-use-of-uk-pm-hopefuls/story-XDETRlsCWQCU4ZuGc1HmqM.html
Hindiustan Times,It’s business as usual at Mexico’s southern border despite Donald Trump deal,world,2019-06-09,09:21:00,https://www.hindustantimes.com/world-news/it-s-business-as-usual-at-mexico-s-southern-border-despite-donald-trump-deal/story-j4qS3slIqSJq6DF6tM2wDM.html
Hindiustan Times,Onus for Indo-Pak peace on Pakistan: White House,world,2019-06-08,21:12:00,https://www.hindustantimes.com/world-news/onus-for-indo-pak-peace-on-pakistan-white-house/story-f2y8uMAL9MmDcea2pXmYuM.html
Hindiustan Times,Royal honours for ‘extraordinary’ Indians,world,2019-06-08,17:26:00,https://www.hindustantimes.com/world-news/royal-honours-for-extraordinary-indians/story-1Llbov9r2YwdWIVUkOx3cI.html
Hindiustan Times,Michael Pompeo to deliver major policy speech on India-US relations in Indo-Pacific summit ,world,2019-06-08,14:54:00,https://www.hindustantimes.com/world-news/michael-pompeo-to-deliver-major-policy-speech-on-india-us-relations-in-indo-pacific-summit/story-XflqcIhfSxAcgcRyBEj7SI.html
Hindiustan Times,Donald Trump trolled on Twitter after he claims moon part of Mars,world,2019-06-08,13:57:00,https://www.hindustantimes.com/world-news/donald-trump-trolled-on-twitter-after-he-claims-moon-part-of-mars/story-p8xz2zWqSwsX1cewAyQEkK.html
Hindiustan Times,Indian-American activist who shouted at Jeff Bezos arrested,world,2019-06-08,13:33:00,https://www.hindustantimes.com/world-news/indian-american-activist-who-shouted-at-jeff-bezos-arrested/story-X7xxkSrSaTvWicRoQ1bPQP.html
Hindiustan Times,22-year-old Bangladeshi immigrant charged with planning Times Square attack,world,2019-06-08,13:10:00,https://www.hindustantimes.com/world-news/22-year-old-bangladeshi-immigrant-charged-with-planning-times-square-attack/story-PB6NvV50vSIuYIv49o2xyK.html
Hindiustan Times,"S Jaishankar’s appointment will boost US-India ties, say experts",world,2019-06-09,01:42:00,https://www.hindustantimes.com/world-news/s-jaishankar-one-of-the-world-s-best-diplomats-says-us-experts/story-9WBPoI1x6Uu7Nz8WhkLkIP.html
Hindiustan Times,"85-year-old UAE-based Indian expat collects over 2,000 coins as part of his hobby",world,2019-06-08,11:12:00,https://www.hindustantimes.com/world-news/85-year-old-uae-based-indian-expat-collects-over-2-000-coins/story-LvIK05IWZSJR2jc6oSYMZL.html
Hindiustan Times,Sri Lanka president Maithripala Sirisena vows to block Easter attacks probe: Report,world,2019-06-08,09:58:00,https://www.hindustantimes.com/world-news/sri-lanka-president-maithripala-sirisena-vows-to-block-easter-attacks-probe-report/story-RKA0ci2NIgcVZ4PLlowmYI.html
Hindiustan Times,"UK flags concern over rights abuse in Pakistan, cool on India",world,2019-06-08,09:53:00,https://www.hindustantimes.com/world-news/uk-flags-concern-over-rights-in-pakistan-cool-on-india/story-N21rogPJLMGZjSL85otJIP.html
Hindiustan Times,"14 lions on the loose in South Africa, spotted roaming near national park",world,2019-06-08,09:24:00,https://www.hindustantimes.com/world-news/14-lions-on-the-loose-in-south-africa-spotted-roaming-near-national-park/story-ZErcgWBelnqdtEhYY9D3WJ.html
Hindiustan Times,We did that 50 yrs ago: Trump takes U-turn on NASA Moon mission,world,2019-06-08,10:02:00,https://www.hindustantimes.com/world-news/donald-trump-criticizes-nasa-moon-mission-after-promoting-it-earlier/story-5eajhsuJSZMxgosQdX5u1O.html
Hindiustan Times,"‘They harassed, asked us to kiss’: Lesbian couple assaulted on London bus",world,2019-06-08,09:15:00,https://www.hindustantimes.com/world-news/lesbian-couple-attacked-on-london-bus-for-refusing-to-kiss-for-gang-of-men/story-dYostjRnNWHrPkDHbpypaJ.html
Hindiustan Times,US air force permits Sikh to wear turbans and beard on duty as ‘religious accommodation’,world,2019-06-08,01:52:00,https://www.hindustantimes.com/world-news/us-air-force-permits-sikh-to-wear-turbans-and-beard-on-duty-as-religious-accommodation/story-nm6P5bUeCbp15BE99XH20M.html
Hindiustan Times,Bill to lower college tuitions for H-1B children advances in New Jersey,world,2019-06-08,09:38:00,https://www.hindustantimes.com/world-news/bill-to-lower-college-tuitions-for-h-1b-children-advances-in-new-jersey/story-D4cZGtk4jagbDQrIck5BbJ.html
Hindiustan Times,"Amid trade war with US, China’s Xi Jinping calls Donald Trump his friend",world,2019-06-07,20:50:00,https://www.hindustantimes.com/world-news/amid-trade-war-with-us-china-s-xi-jinping-calls-donald-trump-his-friend/story-lMpxLdMx4BIk23CtEct5ZK.html
Hindiustan Times,"Sri Lanka to ban chainsaws, timber mills, says President Sirisena",world,2019-06-07,18:50:00,https://www.hindustantimes.com/world-news/sri-lanka-to-ban-chainsaws-timber-mills-says-president-sirisena/story-xHgjXmo2LPpJCyrSqauAvN.html
Hindiustan Times,"Ethiopian leader in Sudan on crisis mediation effort, protesters say medical staff targetted",world,2019-06-07,17:41:00,https://www.hindustantimes.com/world-news/ethiopian-leader-in-sudan-on-crisis-mediation-effort-protesters-say-medical-staff-targetted/story-LGlhxd41ZmnfYlTYLnWKrL.html
Hindiustan Times,Sudan death toll climbs to 113 after crackdown on pro-democracy protesters,world,2019-06-07,17:05:00,https://www.hindustantimes.com/world-news/sudan-death-toll-climbs-to-113-after-crackdown-on-pro-democracy-protesters/story-PB5ZD99pqBNJWw8d1xnwrJ.html
Hindiustan Times,"Brexit-scarred Theresa May steps down, leadership race on",world,2019-06-08,01:53:00,https://www.hindustantimes.com/world-news/brexit-scarred-theresa-may-steps-down-leadership-race-on/story-Vz7sGVpyTCcZBUl7vgdeOO.html
Hindiustan Times,Kremlin says it won’t change behaviour to improve ties with Britain,world,2019-06-07,14:50:00,https://www.hindustantimes.com/world-news/kremlin-says-it-won-t-change-behaviour-to-improve-ties-with-britain/story-3l4OIy6gxysqNhW6MSxUOO.html
Hindiustan Times,"China’s influence creeps up on foreign media: Report. Rubbish, says Beijing ",world,2019-06-07,14:06:00,https://www.hindustantimes.com/world-news/china-s-influence-creeps-up-on-foreign-media-report-rubbish-says-beijing/story-1wfvEXMjsHBGvyZQrA0OLN.html
Hindiustan Times,India slams secrecy in working of UN’s terrorism sanctions panel,world,2019-06-07,13:38:00,https://www.hindustantimes.com/world-news/india-slams-secrecy-in-working-of-un-s-terrorism-sanctions-panel/story-r2PQ4e9AyibApv17xollPI.html
Hindiustan Times,Bangladesh Airlines pilot caught in Qatar with no passport,world,2019-06-07,12:10:00,https://www.hindustantimes.com/world-news/bangladesh-airlines-pilot-caught-in-qatar-with-no-passport/story-X0jmlfKmy6Z2TQzWHOS8QL.html
Hindiustan Times,Google celebrates Women’s Football World Cup with a doodle,world,2019-06-07,11:00:00,https://www.hindustantimes.com/world-news/google-celebrates-women-s-football-world-cup-with-a-doodle/story-BGuIZJYMDJqtDecAxIKyPM.html
Hindiustan Times,"British PM Theresa May steps down as party leader, starts succession race",world,2019-06-07,10:41:00,https://www.hindustantimes.com/world-news/british-pm-theresa-may-steps-down-as-party-leader-starts-succession-race/story-NAaz0QBA6cMDnNSMO2rNPM.html
Hindiustan Times,"Sikh-American airman allowed by US Air Force to keep turban, beard on active duty",world,2019-06-08,01:52:00,https://www.hindustantimes.com/world-news/sikh-american-airman-allowed-by-us-air-force-to-keep-turban-beard-on-active-duty/story-Lht4S8XyTrdAIsYUZPXcZK.html
Hindiustan Times,"Donald Trump should be sent to prison, says US House speaker: Report",world,2019-06-07,13:38:00,https://www.hindustantimes.com/world-news/donald-trump-should-be-sent-to-prison-says-us-house-speaker-report/story-TrXoyqV8am6pERTpAhaeGL.html
Hindiustan Times,Indian-American activist interrupts Amazon founder Jeff Bezos on-stage,world,2019-06-07,19:47:00,https://www.hindustantimes.com/world-news/indian-american-activist-interrupts-amazon-founder-jeff-bezos-on-stage/story-ZG67WJaiuFtkbMrK3WMnKI.html
Hindiustan Times,12 Indians killed in Dubai bus accident,world,2019-06-07,23:39:00,https://www.hindustantimes.com/world-news/oman-dubai-bus-crashes-killing-17-in-uae/story-J0DwFxoG2XTqskZXKmFi0L.html
Hindiustan Times,New Zealand judge allows images of man charged in mosque shootings,world,2019-06-06,22:12:00,https://www.hindustantimes.com/world-news/new-zealand-judge-allows-images-of-man-charged-in-mosque-shootings/story-ZeKlg4mXl8URdRj3MsRONM.html
Hindiustan Times,"Trade between India and China to cross $100 billion, says envoy Vikram Misri ",world,2019-06-06,17:58:00,https://www.hindustantimes.com/world-news/trade-between-india-and-china-to-cross-100-billion-says-envoy-vikram-misri/story-VH1QCQlb6jhCuwjBkaHtyO.html
Hindiustan Times,There’s a CEO crisis in South Africa and no one is stepping up,world,2019-06-06,17:13:00,https://www.hindustantimes.com/world-news/there-s-a-ceo-crisis-in-south-africa-and-no-one-is-stepping-up/story-VLzoPYbUJuUtwgo9HExbOJ.html
Hindiustan Times,"‘Incompetent climbers’ drive Mount Everest death toll, top mountaineer says",world,2019-06-06,15:47:00,https://www.hindustantimes.com/world-news/incompetent-climbers-drive-mount-everest-death-toll-top-mountaineer-says/story-LKXp1zWuIxZ4mCTwjD6MNO.html
Hindiustan Times,German serial killer nurse gets life sentence for 85 murders,world,2019-06-07,01:45:00,https://www.hindustantimes.com/world-news/german-serial-killer-nurse-gets-life-sentence-for-85-murders/story-3CaocRu2RmYRgDo3iuJHlM.html
Hindiustan Times,China rolls out 5G licenses amid trade war with the US,world,2019-06-06,14:51:00,https://www.hindustantimes.com/world-news/china-rolls-out-5g-licenses-amid-trade-war-with-the-us/story-fmqqxkrILNxUx2aEwHZSTM.html
Hindiustan Times,"YouTube to ban ‘hateful,’ ‘supremacist’ videos",world,2019-06-06,14:25:00,https://www.hindustantimes.com/world-news/youtube-to-ban-hateful-supremacist-videos/story-bG1R2ILgcz5AqNc57cvO2J.html
Hindiustan Times,Mystery of deep-sea dragonfish’s transparent teeth solved,world,2019-06-06,13:48:00,https://www.hindustantimes.com/world-news/mystery-of-deep-sea-dragonfish-s-transparent-teeth-solved/story-xlLZbOsRIYD4170OwW5HFN.html
Hindiustan Times,Third man part of ‘world’s most prolific’ gang smuggling anabolic steroids from India to UK held guilty,world,2019-06-06,15:03:00,https://www.hindustantimes.com/world-news/third-man-part-of-world-s-most-prolific-gang-smuggling-anabolic-steroids-from-india-to-uk-held/story-1vxkQ6urTXvSdS9QOKkbaO.html
Hindiustan Times,‘Not here for decoration’: Thai transgender MPs make history in parliament,world,2019-06-07,01:45:00,https://www.hindustantimes.com/world-news/not-here-for-decoration-thai-transgender-mps-make-history-in-parliament/story-Htv87S4x08TXfrtg5TiMaJ.html
Hindiustan Times,Indian workers losing interest in US tech jobs: Report  ,world,2019-06-06,12:52:00,https://www.hindustantimes.com/world-news/indian-workers-losing-interest-in-us-tech-jobs-report/story-VQ4dBdkAhEt3GFrxDRVKeP.html
Hindiustan Times,"English classes, legal services cut for immigrant kids under US government care",world,2019-06-06,11:42:00,https://www.hindustantimes.com/world-news/english-classes-legal-services-cut-for-immigrant-kids-under-us-government-care/story-z9Y6pzGljUi2ZLsfMHqpoK.html
Hindiustan Times,Donald Trump to mark 75th anniversary of D-Day at Normandy,world,2019-06-06,11:30:00,https://www.hindustantimes.com/world-news/donald-trump-to-mark-75th-anniversary-of-d-day-at-normandy/story-j1O5HXF5P2FY29Zbw2ZizM.html
Hindiustan Times,"‘High heels necessary and appropriate’, says Japan minister ",world,2019-06-06,13:04:00,https://www.hindustantimes.com/world-news/high-heels-necessary-says-japan-minister/story-5eDEfxG2txPOACkK0qmb6N.html
Indian Express,"Mexico-US tariff deal: Questions, concerns for migration",world,2019-06-09,2:00:55 pm,https://indianexpress.com/article/world/mexico-us-tariff-deal-questions-concerns-for-migration-5771936/
Indian Express,Thousands begin gathering in Hong Kong for huge rally against extradition laws,world,2019-06-09,12:07:19 pm,https://indianexpress.com/article/world/thousands-begin-gathering-in-hong-kong-for-huge-rally-against-extradition-laws-5771755/
Indian Express,"White House tried to stop climate science testimony, documents show",world,2019-06-09,12:05:29 pm,https://indianexpress.com/article/world/white-house-tried-to-stop-climate-science-testimony-documents-show-5771807/
Indian Express,Trump is confident Mexico will enforce new immigration deal,world,2019-06-09,10:24:17 am,https://indianexpress.com/article/world/trump-is-confident-mexico-will-enforce-new-immigration-deal5771732/
Indian Express,Mexico’s president diverted resources away from priorities like curbing violence to appease Mr. Trump,world,2019-06-09,09:49:21,https://indianexpress.com/article/world/mexico-us-andres-manual-lopez-obrador-president-donald-trump-5771738/
Indian Express,"95 years ago, Everest was just as deadly but much less crowded",world,2019-06-09,09:31:17,https://indianexpress.com/article/world/95-years-ago-everest-was-just-as-deadly-but-much-less-crowded-5771721/
Indian Express,"California utility to cut power to 27,000 customers to reduce wildfire risk",world,2019-06-09,08:56:03,https://indianexpress.com/article/world/california-utility-to-cut-power-to-27000-customers-to-reduce-wildfire-risk-5771719/
Indian Express,Kamala Harris says prosecutor past will help defeat Donald Trump,world,2019-06-09,08:16:55,https://indianexpress.com/article/world/kamala-harris-donald-trump-us-presidential-elections-2020-5771690/
Indian Express,Hillary Clinton: Mueller report shows obstruction occurred,world,2019-06-09,07:48:47,https://indianexpress.com/article/world/hillary-clinton-mueller-report-shows-obstruction-occurred-5771652/
Indian Express,Panic at Washington DC’s Pride Parade sends people running,world,2019-06-09,07:46:18,https://indianexpress.com/article/world/pride-parade-washington-dc-panic-sends-people-running-5771675/
Indian Express,Thousands pour into Colombia as Venezuela reopens border,world,2019-06-09,07:25:46,https://indianexpress.com/article/world/thousands-pour-into-colombia-as-venezuela-reopens-border-5771669/
Indian Express,Huge Hong Kong protest expected in last push to scrap extradition bill,world,2019-06-08,20:00:19,https://indianexpress.com/article/world/huge-hong-kong-protest-expected-in-last-push-to-scrap-extradition-bill-5771275/
Indian Express,Indian-American activist who yelled at Amazon CEO Jeff Bezos arrested,world,2019-06-08,16:48:23,https://indianexpress.com/article/world/indian-american-activist-who-yelled-at-jeff-bezos-arrested-5771069/
Indian Express,"US approves sale of armed drones, offers missile defence systems to India",world,2019-06-08,14:43:59,https://indianexpress.com/article/world/us-approves-sale-of-armed-drones-offers-missile-defence-systems-to-india-5770933/
Indian Express,Formalities in process to repatriate bodies of 12 Indians killed in bus accident in Dubai,world,2019-06-08,12:08:42,https://indianexpress.com/article/world/formalities-in-process-to-repatriate-bodies-of-12-indians-killed-in-bus-accident-in-dubai-5770736/
Indian Express,Trade war clouds outlook as finance chiefs meet in Japan,world,2019-06-08,11:50:17,https://indianexpress.com/article/world/trade-war-clouds-outlook-as-finance-chiefs-meet-in-japan-5770653/
India Today," Sri Lankan intelligence chief resigns over Easter Sunday bombingsWhile testifying before the Parliament Select Committee (PSC) last week,
Mendis had claimed that President Maithripala Sirisena failed to hold regular
security review meetings, Colombo Gazette reported.",World,2019-06-09,16:04,https://www.indiatoday.in/world/story/sri-lankan-intelligence-chief-resigns-over-easter-sunday-bombings-1545220-2019-06-09
India Today," After Imran Khan writes to Modi, US says onus to solve Indo-Pak tension lies on PakistanThe White House has said Pakistan should take it on itself to resolve the
tension between India and Pakistan.",World,2019-06-09,16:04,https://www.indiatoday.in/world/story/united-states-indo-pak-relations-pakistan-1544886-2019-06-08
India Today," Dubai bus accident: Formalities in process to repatriate bodies of 12 Indians killedThe bus, belonging to the Omani bus transport company Mwasalat, carrying 31
passengers, crashed into a height barrier that cut the left side of the bus
and killed passengers sitting on that side.",World,2019-06-09,16:04,https://www.indiatoday.in/world/story/dubai-bus-accident-formalities-in-process-to-repatriate-bodies-of-12-indians-killed-1544755-2019-06-08
India Today," Donald Trump says US, Mexico reach agreement to prevent tariffUS President Donald Trump said that he has suspended plans to impose tariffs
on Mexico, tweeting that the country “has agreed to take strong measures”
to stem the flow of Central American migrants into the United States.",World,2019-06-09,16:04,https://www.indiatoday.in/world/story/donald-trump-us-mexico-agreement-prevent-tariff-1544678-2019-06-08
India Today," Lesbian couple beaten up in London for refusing to kiss before group of menA lesbian couple was mercilessly beaten up on a London bus when they refused
to perform a kiss in front of a gang of men.",World,2019-06-09,16:04,https://www.indiatoday.in/world/story/london-lesbian-couple-beaten-up-1544677-2019-06-08
India Today," Theresa May steps down as party chief, igniting leadership raceTheresa May announced she would step down last month after failing to deliver
Britain's departure from the European Union on time, deepening a political
crisis in a divided country struggling to move on from a 2016 referendum on
Brexit.",World,2019-06-09,16:04,https://www.indiatoday.in/world/story/theresa-may-steps-down-as-party-chief-igniting-leadership-race-1544674-2019-06-08
India Today," Trump blames India, China for not doing enough on climate changeBlaming India and other countries for justifying America's withdrawal from
the landmark Paris climate change deal in 2017, Trump said he believes that
""there is a change in weather, and I think it changes both ways"".",World,2019-06-09,16:04,https://www.indiatoday.in/world/story/donald-trump-blames-india-china-for-not-doing-enough-on-climate-change-1544257-2019-06-07
India Today," African bloc suspends Sudan, demanding end to military ruleThe African Union on Thursday suspended Sudan until the establishment of
civilian rule, intensifying global pressure on its new military leaders to
stand down after the worst violence since Omar al-Bashir's fall in April.",World,2019-06-09,16:04,https://www.indiatoday.in/world/story/african-bloc-suspends-sudan-demand-military-rule-end-1544171-2019-06-07
India Today," 8 people, including toddler, die while collecting Himalayan viagra in NepalEight people have died while collecting rare medicinal fungus Yarsagumba in
Nepal. A toddler accompanying his mother was also among the dead.",World,2019-06-09,16:04,https://www.indiatoday.in/world/story/8-including-toddler-die-while-collecting-himalayan-viagra-in-nepal-1544177-2019-06-07
India Today," Sikh-American airman allowed to keep turban, beard by US Air ForceAirman Harpreetinder Singh Bajwa has been allowed by the United States Air
Force to serve with a beard, turban and unshorn hair.",World,2019-06-09,16:04,https://www.indiatoday.in/world/story/us-air-force-airman-harpreetinder-singh-bajwa-beard-turban-1544163-2019-06-07
India Today," Indian-origin man part of world's most prolific steroid smuggling gang faces jail in UK Gurjaipal Dhillon, an Indian-origin man in the UK, acted as a fixer for an
anabolic steroid smuggling gang and arranged dozens of unlicensed shipments
of drugs from India into Europe.",World,2019-06-09,16:04,https://www.indiatoday.in/world/story/indian-origin-man-part-world-s-most-prolific-steroid-smuggling-gang-jail-uk-1544052-2019-06-06
India Today," Nepal waits for relatives to claim bodies recovered from Everest during cleanliness driveThe corpses, retrieved as part of a clean-up of the world's tallest mountain,
Mt Everest, lie unclaimed in a hospital morgue in Nepal's capital, Kathmandu.",World,2019-06-09,16:04,https://www.indiatoday.in/world/story/nepal-waits-for-relatives-to-claim-bodies-recovered-everest-cleanliness-drive-1544058-2019-06-06
India Today," German nurse who murdered 87 patients given life sentenceNiels Hoegel liked to bring about cardiac arrests in his patients by
injecting them with overdoses of heart medication and other drugs because he
enjoyed the feeling of being able to resuscitate them.",World,2019-06-09,16:04,https://www.indiatoday.in/world/story/german-nurse-who-murdered-87-patients-given-life-sentence-1544008-2019-06-06
India Today," Indian businessman installs hand pumps in poverty-stricken Pakistan districtJoginder Singh Salaria set up nearly 62 water pumps in Tharparkar district
with the help of local social workers after knowing the plight of the area
through social media. He also sent bags of grains to the community.",World,2019-06-09,16:04,https://www.indiatoday.in/world/story/indian-businessman-hand-pumps-pakistan-poor-tharparkar-district-water-scarcity-1543931-2019-06-06
India Today," 11,000 kg garbage, four dead bodies removed from Mt Everest in two-month long cleanliness driveA clean-up team of 20 sherpa climbers collected five tonnes of litter in
April and May from different camps sites above the base camp and another six
tonnes from the areas below.",World,2019-06-09,16:04,https://www.indiatoday.in/world/story/11-000-kg-garbage-four-dead-bodies-removed-from-mt-everest-in-two-month-long-cleanliness-drive-1543470-2019-06-06
India Today," Pride month 2019: Sikh man's rainbow turban impresses Barack ObamaA neuroscientist, amateur pastry chef and part time photographer, Kohli
tweeted that he's proud to be a ""bisexual bearded baking brain scientist"".",World,2019-06-09,16:04,https://www.indiatoday.in/world/story/jiwandeep-kohli-rainbow-turban-barack-obama-twitter-1542944-2019-06-05
India Today," 10% drop in H-1B visa approvals in 2018, US says clampdown is workingThe US has said the country's clampdown on approving H-1B visas has started
showing results. The approvals dipped by 10% in 2018.",World,2019-06-09,16:04,https://www.indiatoday.in/world/story/10-drop-in-h-1b-visa-approvals-in-2018-us-says-clampdown-is-working-1542915-2019-06-05
India Today," It's finished: Dutch teen raped as a child opts for euthanasia, leaves moving Instagram postNoa Pothoven, a 17-year-old Dutch girl, has killed herself with state
assistance after her prolonged battle with depression. She was raped in her
childhood.",World,2019-06-09,16:04,https://www.indiatoday.in/world/story/noa-pothoven-dutch-girl-euthanasia-1542874-2019-06-05
India Today," For the first time Sri Lanka govt is functioning without Muslim ministers: PM Ranil WickremesinghNine ministers from the Muslim community, in the President Maithripala
Sirirsena's Cabinet, and two provincial governors resigned on Monday accusing
the government of failing to ensure the safety of the people from community.",World,2019-06-09,16:04,https://www.indiatoday.in/world/story/sri-lanka-government-muslim-ministers-ranil-wickremesingh-1542873-2019-06-05
India Today," Sudan opposition rejects military's transition plan after day of violenceSudan has been rocked by unrest since December, when anger over rising bread
prices and cash shortages broke into sustained protests that culminated in
the armed forces removing Bashir after three decades in office.",World,2019-06-09,16:04,https://www.indiatoday.in/world/story/sudan-opposition-rejects-military-s-transition-plan-after-day-of-violence-1542864-2019-06-05
India Today," Vijay Mallya: Anatomy of an extraditionMost of Vijay Mallya’s Indian assets stand seized by authorities in India
but identifying and clutching his foreign assets through a complex web of
companies has been challenging for the Indian banks.",World,2019-06-09,16:04,https://www.indiatoday.in/world/story/vijay-mallya-anatomy-of-extradition-1542843-2019-06-05
India Today," China in war of words with US over Tiananmen Square massacreHundreds of pro-democracy protesters are believed to have been killed in
1989, in and around Beijing's Tiananmen Square, as the People's Liberation
Army launched a brutal crackdown on those demonstrating against the ruling
Communist Party of China.",World,2019-06-09,16:04,https://www.indiatoday.in/world/story/china-in-war-of-words-with-us-over-tiananmen-square-massacre-1542709-2019-06-04
India Today," Streets empty in Sudan's capital after deadly army crackdownStreets in the Sudanese capital were empty, a day after a pro-democracy
sit-in was violently overrun by the country's ruling military authorities.",World,2019-06-09,16:04,https://www.indiatoday.in/world/story/streets-empty-sudanese-capital-army-crackdown-1542297-2019-06-04
India Today," Supposedly executed former North Korean nuclear envoy is alive: ReportThere has been a series of conflicting reports over the past five days about
shakeups in the North's team that steered negotiations with the United States
after a failed summit between North Korean leader Kim Jong Un and US
President Donald Trump in Hanoi in February.",World,2019-06-09,16:04,https://www.indiatoday.in/world/story/supposedly-executed-former-north-korean-nuclear-envoy-is-alive-1542255-2019-06-04
Time of India,Panic at Washington pride parade sends people running,us,2019-06-09,16:03,https://timesofindia.indiatimes.com/world/us/panic-at-washington-pride-parade-sends-people-running/articleshow/69712177.cms
Time of India,US Jewish community looks to defend itself as attacks rise,us,2019-06-09,16:03,https://timesofindia.indiatimes.com/world/us/us-jewish-community-looks-to-defend-itself-as-attacks-rise/articleshow/69710524.cms
Time of India,Trump is confident Mexico will enforce new immigration deal,us,2019-06-09,16:03,https://timesofindia.indiatimes.com/world/us/trump-is-confident-mexico-will-enforce-new-immigration-deal/articleshow/69710082.cms
Time of India,"Owning nothing now a luxury, all thanks to subscription startups",us,2019-06-09,16:03,https://timesofindia.indiatimes.com/world/us/owning-nothing-now-a-luxury-all-thanks-to-subscription-startups/articleshow/69709642.cms
Time of India,California utility proactively cuts power because of weather,us,2019-06-09,16:03,https://timesofindia.indiatimes.com/world/us/california-utility-proactively-cuts-power-because-of-weather/articleshow/69709697.cms
Time of India,Trump says tariffs on Mexico suspended indefinitely,us,2019-06-09,16:03,https://timesofindia.indiatimes.com/world/us/trump-says-tariffs-on-mexico-suspended-indefinitely/articleshow/69703815.cms
Time of India,"Indian-Americans hail decision to let Sikh-American airman to keep turban, beard on active duty",us,2019-06-09,16:03,https://timesofindia.indiatimes.com/world/us/indian-americans-hail-decision-to-let-sikh-american-airman-to-keep-turban-beard-on-active-duty/articleshow/69700957.cms
Time of India,Trump says Nasa should stop talking about going back to the Moon,us,2019-06-09,16:03,https://timesofindia.indiatimes.com/world/us/trump-says-nasa-should-stop-talking-about-going-back-to-the-moon/articleshow/69700515.cms
Time of India,Bangladeshi immigrant charged with planning Times Square attack,us,2019-06-09,16:03,https://timesofindia.indiatimes.com/world/us/bangladeshi-immigrant-charged-with-planning-times-square-attack/articleshow/69699298.cms
Time of India,Turkey gets culled from US defence program in warning sign for India,us,2019-06-09,16:03,https://timesofindia.indiatimes.com/world/us/turkey-gets-culled-from-us-defence-program-in-warning-sign-for-india/articleshow/69699113.cms
Time of India,Mexico promises 'unprecedented steps' to curb migration in US deal,us,2019-06-09,16:03,https://timesofindia.indiatimes.com/world/us/mexico-promises-unprecedented-steps-to-curb-migration-in-us-deal/articleshow/69698715.cms
Time of India,"US, Russia ships nearly collide in Philippine Sea",us,2019-06-09,16:03,https://timesofindia.indiatimes.com/world/us/us-russia-ships-nearly-collide-in-philippine-sea/articleshow/69698178.cms
Time of India,US air force allows turban for Sikh man,us,2019-06-09,16:03,https://timesofindia.indiatimes.com/world/us/us-air-force-allows-turban-for-sikh-man/articleshow/69698081.cms
Time of India,"Xi, Putin condemn US dominance as tensions with Trump grow",us,2019-06-09,16:03,https://timesofindia.indiatimes.com/world/us/xi-putin-condemn-us-dominance-as-tensions-with-trump-grow/articleshow/69698029.cms
Time of India,"Trump says US, Mexico reach agreement on migration and tariffs 'indefinitely suspended'",us,2019-06-09,16:03,https://timesofindia.indiatimes.com/world/us/trump-says-us-mexico-reach-agreement-on-migration-and-tariffs-indefinitely-suspended/articleshow/69697981.cms
Time of India,Bill: Ease green card cap on STEM students,us,2019-06-09,16:03,https://timesofindia.indiatimes.com/world/us/bill-ease-green-card-cap-on-stem-students/articleshow/69697860.cms
Time of India,US hits Iran petrochemical group PGPIC with sanctions,us,2019-06-09,16:03,https://timesofindia.indiatimes.com/world/us/us-hits-iran-petrochemical-group-pgpic-with-sanctions/articleshow/69694474.cms
Time of India,Nasa to open International Space Station to tourists from 2020,us,2019-06-09,16:03,https://timesofindia.indiatimes.com/world/us/nasa-to-open-international-space-station-to-tourists-from-2020/articleshow/69694408.cms
Time of India,"Russia, US trade charges after near naval collision",us,2019-06-09,16:03,https://timesofindia.indiatimes.com/world/us/russia-us-trade-charges-after-near-naval-collision/articleshow/69691019.cms
Time of India,Lack of abortion access troubles Guam's 1st female governor,us,2019-06-09,16:03,https://timesofindia.indiatimes.com/world/us/lack-of-abortion-access-troubles-guams-1st-female-governor/articleshow/69688997.cms
Time of India,Passenger on Pak airlines flight opens emergency door by mistake,pakistan,2019-06-09,16:03,https://timesofindia.indiatimes.com/world/pakistan/passenger-on-pak-airlines-flight-opens-emergency-door-by-mistake/articleshow/69711754.cms
Time of India,Shehbaz Sharif returns to Pakistan,pakistan,2019-06-09,16:03,https://timesofindia.indiatimes.com/world/pakistan/shehbaz-sharif-returns-to-pakistan/articleshow/69710305.cms
Time of India,"13-year-old Hindu girl raped in Pakistan, 2 held",pakistan,2019-06-09,16:03,https://timesofindia.indiatimes.com/world/pakistan/minor-hindu-girl-intoxicated-and-raped-in-pakistan/articleshow/69707638.cms
Time of India,Voluntary cut in Pakistan's defence budget will not impact 'response potential': Gen. Bajwa,pakistan,2019-06-09,16:03,https://timesofindia.indiatimes.com/world/pakistan/voluntary-cut-in-pakistans-defence-budget-will-not-impact-response-potential-gen-bajwa/articleshow/69675752.cms
Time of India,What's behind Pakistan's 'voluntary' military budget cut?,pakistan,2019-06-09,16:03,https://timesofindia.indiatimes.com/world/pakistan/whats-behind-pakistans-voluntary-military-budget-cut/articleshow/69673136.cms
Time of India,Pakistani military lashes BBC for false reporting,pakistan,2019-06-09,16:03,https://timesofindia.indiatimes.com/world/pakistan/pakistani-military-lashes-bbc-for-false-reporting/articleshow/69670901.cms
Time of India,Hafiz Saeed not allowed to lead Eid prayers at his 'favourite' venue in Lahore,pakistan,2019-06-09,16:03,https://timesofindia.indiatimes.com/world/pakistan/hafiz-saeed-not-allowed-to-lead-eid-prayers-at-his-favourite-venue-in-lahore/articleshow/69664520.cms
Time of India,"In rare move, Pakistan military agrees to budget cut amid economic woes",pakistan,2019-06-09,16:03,https://timesofindia.indiatimes.com/world/pakistan/in-rare-move-pakistan-military-agrees-to-budget-cut-amid-economic-woes-pm-imran-khan-says/articleshow/69661247.cms
Time of India,Pak military to voluntarily cut defence budget,pakistan,2019-06-09,16:03,https://timesofindia.indiatimes.com/world/pakistan/pak-military-to-voluntarily-cut-defence-budget/articleshow/69660349.cms
Time of India,Zardari vows to remove Imran Khan's govt,pakistan,2019-06-09,16:03,https://timesofindia.indiatimes.com/world/pakistan/remove-imran-to-save-nation-zardari/articleshow/69659537.cms
Time of India,Pak’s pro-Khalistani Sikh leader stirs row with provocative social media post,pakistan,2019-06-09,16:03,https://timesofindia.indiatimes.com/world/pakistan/paks-pro-khalistani-sikh-leader-stirs-row-with-provocative-social-media-post/articleshow/69654218.cms
Time of India,13 killed in van-truck collision in Pakistan,pakistan,2019-06-09,16:03,https://timesofindia.indiatimes.com/world/pakistan/13-killed-in-van-truck-collision-in-pakistan/articleshow/69628818.cms
Time of India,Pak to wait for India's decision to lift airspace ban before taking final call: Official,pakistan,2019-06-09,16:03,https://timesofindia.indiatimes.com/world/pakistan/pak-to-wait-for-indias-decision-to-lift-airspace-ban-before-taking-final-call-official/articleshow/69620349.cms
Time of India,Pakistan likely to remove restriction on air space usage,pakistan,2019-06-09,16:03,https://timesofindia.indiatimes.com/world/pakistan/pak-likely-to-remove-restriction-on-air-space-usage/articleshow/69611122.cms
Time of India,Pak court sentences three JeM activists for terror funding,pakistan,2019-06-09,16:03,https://timesofindia.indiatimes.com/world/pakistan/pak-court-sentences-three-jem-activists-for-terror-funding/articleshow/69609421.cms
Time of India,N-deterrence helped de-escalate tensions during Pulwama crisis: Pak official,pakistan,2019-06-09,16:03,https://timesofindia.indiatimes.com/world/pakistan/n-deterrence-helped-de-escalate-tensions-during-pulwama-crisis-pak-official/articleshow/69602906.cms
Time of India,"Bilwal Bhutto accuses Pakistan govt of targeting opposition, judiciary",pakistan,2019-06-09,16:03,https://timesofindia.indiatimes.com/world/pakistan/bilwal-bhutto-accuses-pakistan-govt-of-targeting-opposition-judiciary/articleshow/69602288.cms
Time of India,US withdraws special tax exemption to Pakistani diplomats,pakistan,2019-06-09,16:03,https://timesofindia.indiatimes.com/world/pakistan/us-withdraws-special-tax-exemption-to-pakistani-diplomat/articleshow/69595928.cms
Time of India,Pak authorities arrest 3 JuD members from Punjab province,pakistan,2019-06-09,16:03,https://timesofindia.indiatimes.com/world/pakistan/pak-authorities-arrest-3-jud-members-from-punjab-province/articleshow/69591935.cms
Time of India,"Lt General sentenced to prison, brigadier and civilian to death for espionage in Pakistan",pakistan,2019-06-09,16:03,https://timesofindia.indiatimes.com/world/pakistan/lt-general-sentenced-to-prison-brigadier-and-civilian-to-death-for-espionage/articleshow/69587940.cms
Time of India,PM gets Samadhi Buddha Statue as gift from Lankan President Sirisena,south asia,2019-06-09,16:03,https://timesofindia.indiatimes.com/world/south-asia/pm-gets-samadhi-buddha-statue-as-gift-from-lankan-president-sirisena/articleshow/69712190.cms
Time of India,PM Modi plants Ashoka sapling at Lankan President's House,south asia,2019-06-09,16:03,https://timesofindia.indiatimes.com/world/south-asia/pm-modi-plants-ashoka-sapling-at-lankan-presidents-house/articleshow/69711423.cms
Time of India,Terror can't defeat Sri Lanka's spirit: PM Narendra Modi,south asia,2019-06-09,16:03,https://timesofindia.indiatimes.com/world/south-asia/terror-cant-defeat-sri-lankas-spirit-pm-narendra-modi/articleshow/69711285.cms
Time of India,Sri Lanka MPs clash with president over Easter attacks probe,south asia,2019-06-09,16:03,https://timesofindia.indiatimes.com/world/south-asia/sri-lanka-mps-clash-with-president-over-easter-attacks-probe/articleshow/69710941.cms
Time of India,Bhutan gays celebrate after homosexuality decriminalised,south asia,2019-06-09,16:03,https://timesofindia.indiatimes.com/world/south-asia/bhutan-gays-celebrate-after-homosexuality-decriminalised/articleshow/69704900.cms
Time of India,Sri Lanka President sacks intelligence chief over Easter attacks probe,south asia,2019-06-09,16:03,https://timesofindia.indiatimes.com/world/south-asia/sri-lanka-president-sacks-intelligence-chief-over-easter-attacks-probe/articleshow/69703953.cms
Time of India,Maldives to confer its highest honour on PM Narendra Modi,south asia,2019-06-09,16:03,https://timesofindia.indiatimes.com/world/south-asia/maldives-to-confer-its-highest-honour-on-pm-narendra-modi/articleshow/69702026.cms
Time of India,New China-Nepal friendship bridge comes into operation,south asia,2019-06-09,16:03,https://timesofindia.indiatimes.com/world/south-asia/new-china-nepal-friendship-bridge-comes-into-operation/articleshow/69692230.cms
Time of India,Bangladesh airlines pilot flying to bring PM back home caught without passport at Qatar airport,south asia,2019-06-09,16:03,https://timesofindia.indiatimes.com/world/south-asia/bangladesh-airlines-pilot-flying-to-bring-pm-back-home-caught-without-passport-at-qatar-airport/articleshow/69689088.cms
Time of India,"As pressure for Afghan peace grows, drug threat remains",south asia,2019-06-09,16:03,https://timesofindia.indiatimes.com/world/south-asia/as-pressure-for-afghan-peace-grows-drug-threat-remains/articleshow/69687926.cms
Time of India,Sri Lanka braces for PM Narendra Modi's visit on Sunday,south asia,2019-06-09,16:03,https://timesofindia.indiatimes.com/world/south-asia/sri-lanka-braces-for-pm-narendra-modis-visit-on-sunday/articleshow/69687857.cms
Time of India,Eight died while collecting 'Himalayan viagra' in Nepal,south asia,2019-06-09,16:03,https://timesofindia.indiatimes.com/world/south-asia/eight-died-while-collecting-himalayan-viagra-in-nepal/articleshow/69678893.cms
Time of India,UK relaxes Sri Lanka travel advice issued after attacks,south asia,2019-06-09,16:03,https://timesofindia.indiatimes.com/world/south-asia/uk-relaxes-sri-lanka-travel-advice-issued-after-attacks/articleshow/69677308.cms
Time of India,Thailand Parliament votes for coup leader to stay on as PM,south asia,2019-06-09,16:03,https://timesofindia.indiatimes.com/world/south-asia/thailand-parliament-votes-for-coup-leader-to-stay-on-as-pm/articleshow/69677273.cms
Time of India,"'Incompetent climbers' drive Everest death toll, top mountaineer says",south asia,2019-06-09,16:03,https://timesofindia.indiatimes.com/world/south-asia/incompetent-climbers-drive-everest-death-toll-top-mountaineer-says/articleshow/69675376.cms
Time of India,"Pashupatinath temple owns over 9kg gold, Rs 1.3 billion cash",south asia,2019-06-09,16:03,https://timesofindia.indiatimes.com/world/south-asia/pashupatinath-temple-owns-over-9kg-gold-rs-1-3-billion-cash/articleshow/69670829.cms
Time of India,"First-ever Everest clean-up throws up 11,000 kilos of trash, four bodies",south asia,2019-06-09,16:03,https://timesofindia.indiatimes.com/world/south-asia/first-ever-everest-clean-up-throws-up-11000-kilos-of-trash-four-bodies/articleshow/69670539.cms
Time of India,"11,000 kg garbage, four dead bodies removed from Mt Everest in two-month long cleanliness drive",south asia,2019-06-09,16:03,https://timesofindia.indiatimes.com/world/south-asia/11000-kg-garbage-four-dead-bodies-removed-from-mt-everest-in-two-month-long-cleanliness-drive/articleshow/69665844.cms
Time of India,Sri Lanka proposes new law on fake news after Easter attacks,south asia,2019-06-09,16:03,https://timesofindia.indiatimes.com/world/south-asia/sri-lanka-proposes-new-law-on-fake-news-after-easter-attacks/articleshow/69665466.cms
Time of India,"Nepal looks to limit Everest access after deaths, but doubts linger",south asia,2019-06-09,16:03,https://timesofindia.indiatimes.com/world/south-asia/nepal-looks-to-limit-everest-access-after-deaths-but-doubts-linger/articleshow/69659807.cms
Time of India,Dad finds Uber driver raping girl by side of road,uk,2019-06-09,16:03,https://timesofindia.indiatimes.com/world/uk/dad-finds-uber-driver-raping-girl-by-side-of-road/articleshow/69709151.cms
Time of India,"Pomp, parade marks Queen Elizabeth II's official birthday",uk,2019-06-09,16:03,https://timesofindia.indiatimes.com/world/uk/pomp-parade-marks-queen-elizabeth-iis-official-birthday/articleshow/69704860.cms
Time of India,Lesbians attacked on London bus for refusing to kiss for men,uk,2019-06-09,16:03,https://timesofindia.indiatimes.com/world/uk/lesbians-attacked-on-london-bus-for-refusing-to-kiss-for-men/articleshow/69703635.cms
Time of India,A million people a day get sexual infections: WHO,uk,2019-06-09,16:03,https://timesofindia.indiatimes.com/world/uk/a-million-people-a-day-get-sexual-infections-who/articleshow/69702988.cms
Time of India,UK: 4 teens arrested after homophobic attack in Camden,uk,2019-06-09,16:03,https://timesofindia.indiatimes.com/world/uk/uk-4-teens-arrested-after-homophobic-attack-in-camden/articleshow/69701442.cms
Time of India,Lesbian couple attacked for kissing on London bus,uk,2019-06-09,16:03,https://timesofindia.indiatimes.com/world/uk/gay-couple-attacked-for-kissing-on-london-bus/articleshow/69698062.cms
Time of India,London mission runs up £6m congestion tab,uk,2019-06-09,16:03,https://timesofindia.indiatimes.com/world/uk/london-transport-body-says-indian-mission-owes-more-than-6-million-as-congestion-charge/articleshow/69696022.cms
Time of India,Pak-origin Sajid Javid backs plan to re-introduce two-year post-study work visas,uk,2019-06-09,16:03,https://timesofindia.indiatimes.com/world/uk/pak-origin-sajid-javid-backs-plan-to-re-introduce-two-year-post-study-work-visas/articleshow/69695989.cms
Time of India,Boris Johnson challenges misconduct summons in court,uk,2019-06-09,16:03,https://timesofindia.indiatimes.com/world/uk/boris-johnson-challenges-misconduct-summons-in-court/articleshow/69692006.cms
Time of India,Where Theresa May went wrong,uk,2019-06-09,16:03,https://timesofindia.indiatimes.com/world/uk/where-theresa-may-went-wrong/articleshow/69687997.cms
Time of India,"UK's May quits as party leader, starting succession race",uk,2019-06-09,16:03,https://timesofindia.indiatimes.com/world/uk/uks-may-quits-as-party-leader-starting-succession-race/articleshow/69686216.cms
Time of India,Brexit Party fails to win first seat in UK byelection,uk,2019-06-09,16:03,https://timesofindia.indiatimes.com/world/uk/brexit-party-fails-to-win-first-seat-in-uk-byelection/articleshow/69685998.cms
Time of India,"Britain-based PIO, 11, cracks Mensa with top IQ score",uk,2019-06-09,16:03,https://timesofindia.indiatimes.com/world/uk/britain-based-pio-11-cracks-mensa-with-top-iq-score/articleshow/69683910.cms
Time of India,Theresa May gets set for resignation as British PM,uk,2019-06-09,16:03,https://timesofindia.indiatimes.com/world/uk/theresa-may-gets-set-for-resignation-as-british-pm/articleshow/69680492.cms
Time of India,Indian who fled UK after sexual attack jailed for rape in Britain,uk,2019-06-09,16:03,https://timesofindia.indiatimes.com/world/uk/indian-who-fled-uk-after-sexual-attack-jailed-for-rape-in-britain/articleshow/69664227.cms
Time of India,Trump walks back comments on UK health care and more,uk,2019-06-09,16:03,https://timesofindia.indiatimes.com/world/uk/trump-walks-back-comments-on-uk-health-care-and-more/articleshow/69661865.cms
Time of India,"Farage meets Trump on UK visit, hails Brexit support",uk,2019-06-09,16:03,https://timesofindia.indiatimes.com/world/uk/farage-meets-trump-on-uk-visit-hails-brexit-support/articleshow/69655198.cms
Time of India,Trump baby blimp flies in London as protests greet president,uk,2019-06-09,16:03,https://timesofindia.indiatimes.com/world/uk/trump-baby-blimp-flies-in-london-as-protests-greet-president/articleshow/69652325.cms
Time of India,UK's May will make clear to Trump that Huawei role is under review - spokeswoman,uk,2019-06-09,16:03,https://timesofindia.indiatimes.com/world/uk/uks-may-will-make-clear-to-trump-that-huawei-role-is-under-review-spokeswoman/articleshow/69648589.cms
Time of India,"Trump a controversial president, says UK foreign secretary",uk,2019-06-09,16:03,https://timesofindia.indiatimes.com/world/uk/trump-a-controversial-president-says-uk-foreign-secretary/articleshow/69647399.cms
Time of India,Moldova acting president calls snap election,europe,2019-06-09,16:03,https://timesofindia.indiatimes.com/world/europe/moldova-acting-president-calls-snap-election/articleshow/69711783.cms
Time of India,"UN labour body, survivor from League of Nations, turns 100",europe,2019-06-09,16:03,https://timesofindia.indiatimes.com/world/europe/un-labour-body-survivor-from-league-of-nations-turns-100/articleshow/69711664.cms
Time of India,#MeToo hits football as women’s WC kicks off,europe,2019-06-09,16:03,https://timesofindia.indiatimes.com/world/europe/metoo-hits-football-as-womens-wc-kicks-off/articleshow/69709105.cms
Time of India,Twelve bodies found in Bosnian war-era mass grave: Report,europe,2019-06-09,16:03,https://timesofindia.indiatimes.com/world/europe/twelve-bodies-found-in-bosnian-war-era-mass-grave-report/articleshow/69703280.cms
Time of India,Russian journalist charged with bid to deal 'large amount' of drugs: Lawyer,europe,2019-06-09,16:03,https://timesofindia.indiatimes.com/world/europe/russian-journalist-charged-with-bid-to-deal-large-amount-of-drugs-lawyer/articleshow/69703117.cms
Time of India,Prominent investigative journalist detained in Russia,europe,2019-06-09,16:03,https://timesofindia.indiatimes.com/world/europe/prominent-investigative-journalist-detained-in-russia/articleshow/69692999.cms
Time of India,Kremlin says 'won't change' behaviour to improve ties with Britain,europe,2019-06-09,16:03,https://timesofindia.indiatimes.com/world/europe/kremlin-says-wont-change-behaviour-to-improve-ties-with-britain/articleshow/69688920.cms
Time of India,Clooneys fighting to save their children from jihadis,europe,2019-06-09,16:03,https://timesofindia.indiatimes.com/world/europe/clooneys-fighting-to-save-their-children-from-jihadis/articleshow/69683917.cms
Time of India,Vladimir Putin says time to 'turn the page' on UK ties after spy scandal,europe,2019-06-09,16:03,https://timesofindia.indiatimes.com/world/europe/vladimir-putin-says-time-to-turn-the-page-on-uk-ties-after-spy-scandal/articleshow/69681357.cms
Time of India,Hungary boat tragedy captain already under investigation over earlier accidents,europe,2019-06-09,16:03,https://timesofindia.indiatimes.com/world/europe/hungary-boat-tragedy-captain-already-under-investigation-over-earlier-accidents/articleshow/69680754.cms
Time of India,Donald Trump says relations with Macron 'outstanding',europe,2019-06-09,16:03,https://timesofindia.indiatimes.com/world/europe/donald-trump-says-relations-with-macron-outstanding/articleshow/69679606.cms
Time of India,Putin says Russia prepared to drop START treaty,europe,2019-06-09,16:03,https://timesofindia.indiatimes.com/world/europe/putin-says-russia-prepared-to-drop-start-treaty/articleshow/69679214.cms
Time of India,German killer nurse gets life for 85 hospital murders,europe,2019-06-09,16:03,https://timesofindia.indiatimes.com/world/europe/german-killer-nurse-gets-life-for-85-hospital-murders-court/articleshow/69674302.cms
Time of India,Macron praises May and looks beyond Brexit on D-Day,europe,2019-06-09,16:03,https://timesofindia.indiatimes.com/world/europe/macron-praises-may-and-looks-beyond-brexit-on-d-day/articleshow/69674030.cms
Time of India,Pope Francis to receive Putin on July 4: Vatican,europe,2019-06-09,16:03,https://timesofindia.indiatimes.com/world/europe/pope-francis-to-receive-putin-on-july-4-vatican/articleshow/69673998.cms
Time of India,German nurse accused of killing 100 patients faces verdict,europe,2019-06-09,16:03,https://timesofindia.indiatimes.com/world/europe/german-nurse-accused-of-killing-100-patients-faces-verdict/articleshow/69673290.cms
Time of India,"Much to disagree on as Trump, Macron meet on D-Day",europe,2019-06-09,16:03,https://timesofindia.indiatimes.com/world/europe/much-to-disagree-on-as-trump-macron-meet-on-d-day/articleshow/69672905.cms
Time of India,Trump to mark 75th anniversary of D-Day at Normandy,europe,2019-06-09,16:03,https://timesofindia.indiatimes.com/world/europe/trump-to-mark-75th-anniversary-of-d-day-at-normandy/articleshow/69671407.cms
Time of India,World leaders mark 75 years since D-Day on Normandy's beaches,europe,2019-06-09,16:03,https://timesofindia.indiatimes.com/world/europe/world-leaders-mark-75-years-since-d-day-on-normandys-beaches/articleshow/69670772.cms
Time of India,Russia's role in WWII gets short shrift in France,europe,2019-06-09,16:03,https://timesofindia.indiatimes.com/world/europe/who-won-wwii-russias-role-gets-short-shrift-in-france/articleshow/69608335.cms
Time of India,Huge Hong Kong protest against China extradition law,china,2019-06-09,16:03,https://timesofindia.indiatimes.com/world/china/huge-hong-kong-protest-against-china-extradition-law/articleshow/69712000.cms
Time of India,Xi Jinping to meet PM Narendra Modi on sidelines of SCO summit,china,2019-06-09,16:03,https://timesofindia.indiatimes.com/world/china/xi-jinping-to-meet-pm-narendra-modi-on-sidelines-of-sco-summit/articleshow/69711374.cms
Time of India,China may restrict tech access in spiraling US trade dispute,china,2019-06-09,16:03,https://timesofindia.indiatimes.com/world/china/china-may-restrict-tech-access-in-spiraling-us-trade-dispute/articleshow/69710314.cms
Time of India,"Xi, Putin condemn US dominance as tensions with Trump grow",china,2019-06-09,16:03,https://timesofindia.indiatimes.com/world/china/xi-putin-condemn-us-dominance-as-tensions-with-trump-grow/articleshow/69698017.cms
Time of India,China's Xi calls Donald Trump his friend,china,2019-06-09,16:03,https://timesofindia.indiatimes.com/world/china/chinas-xi-calls-donald-trump-his-friend/articleshow/69695525.cms
Time of India,Chinese take to the seas in annual dragon boat races,china,2019-06-09,16:03,https://timesofindia.indiatimes.com/world/china/chinese-take-to-the-seas-in-annual-dragon-boat-races/articleshow/69690694.cms
Time of India,Spain extradites 94 Taiwanese to China on phone scam charges,china,2019-06-09,16:03,https://timesofindia.indiatimes.com/world/china/spain-extradites-94-taiwanese-to-china-on-phone-scam-charges/articleshow/69688676.cms
Time of India,Taiwan's request for US tanks and missiles sparks China anger,china,2019-06-09,16:03,https://timesofindia.indiatimes.com/world/china/taiwans-request-for-us-tanks-and-missiles-sparks-china-anger/articleshow/69676742.cms
Time of India,Chinese cartoonist slams Twitter for refusing Tiananmen emoji,china,2019-06-09,16:03,https://timesofindia.indiatimes.com/world/china/chinese-cartoonist-slams-twitter-for-refusing-tiananmen-emoji/articleshow/69673907.cms
Time of India,"China's Xi Jinping visits 'best friend' Putin, vows new era of ties",china,2019-06-09,16:03,https://timesofindia.indiatimes.com/world/china/chinas-xi-jinping-visits-best-friend-putin-vows-new-era-of-ties/articleshow/69670104.cms
Time of India,China launches 1st rocket from mobile platform in Yellow Sea,china,2019-06-09,16:03,https://timesofindia.indiatimes.com/world/china/china-launches-1st-rocket-from-mobile-platform-in-yellow-sea/articleshow/69663816.cms
Time of India,"Wrecked mosques, police watch: A tense Ramzan in Xinjiang",china,2019-06-09,16:03,https://timesofindia.indiatimes.com/world/china/wrecked-mosques-police-watch-a-tense-ramzan-in-xinjiang/articleshow/69661847.cms
Time of India,"Xi Jinping says Iran tensions worrying, calls for restraint",china,2019-06-09,16:03,https://timesofindia.indiatimes.com/world/china/iran-tensions-worrying-calls-for-restraint-xi-jinping/articleshow/69660211.cms
Time of India,China paper cites drawn-out Korean War talks as reason not to bow to US,china,2019-06-09,16:03,https://timesofindia.indiatimes.com/world/china/china-paper-cites-drawn-out-korean-war-talks-as-reason-not-to-bow-to-us/articleshow/69659540.cms
Time of India,Xi Jinping in Russia to usher 'new era' of friendship,china,2019-06-09,16:03,https://timesofindia.indiatimes.com/world/china/xi-jinping-in-russia-to-usher-new-era-of-friendship/articleshow/69659509.cms
Time of India,China’s $2bn BRI rail project goes off-track in Kazakhstan,china,2019-06-09,16:03,https://timesofindia.indiatimes.com/world/china/chinas-2bn-bri-rail-project-goes-off-track-in-kazakhstan/articleshow/69657678.cms
Time of India,Dissident Chinese cartoonist shows his face on Tiananmen anniversary,china,2019-06-09,16:03,https://timesofindia.indiatimes.com/world/china/dissident-chinese-cartoonist-shows-his-face-on-tiananmen-anniversary/articleshow/69650942.cms
Time of India,China issues US travel alert warning of official harassment,china,2019-06-09,16:03,https://timesofindia.indiatimes.com/world/china/china-issues-us-travel-alert-warning-of-official-harassment/articleshow/69648332.cms
Time of India,Chinese cops control dogs with ultrasound,china,2019-06-09,16:03,https://timesofindia.indiatimes.com/world/china/chinese-cops-control-dogs-with-ultrasound/articleshow/69648113.cms
Time of India,Do you believe in UFOs? China hints at test of new missile,china,2019-06-09,16:03,https://timesofindia.indiatimes.com/world/china/do-you-believe-in-ufos-china-hints-at-test-of-new-missile/articleshow/69646256.cms
Time of India,Drone attacks target Jizan airport in Saudi Arabia,middle east,2019-06-09,16:03,https://timesofindia.indiatimes.com/world/middle-east/drone-attacks-target-jizan-airport-in-saudi-arabia/articleshow/69709998.cms
Time of India,"Teen, held at 13, faces execution in Saudi Arabia",middle east,2019-06-09,16:03,https://timesofindia.indiatimes.com/world/middle-east/teen-held-at-13-faces-execution-in-saudi-arabia/articleshow/69709174.cms
Time of India,Iran rejects French idea of re-opening nuclear talks,middle east,2019-06-09,16:03,https://timesofindia.indiatimes.com/world/middle-east/iran-rejects-french-idea-of-re-opening-nuclear-talks/articleshow/69696086.cms
Time of India,Syria flare-up leaves 83 fighters dead: monitor,middle east,2019-06-09,16:03,https://timesofindia.indiatimes.com/world/middle-east/syria-flare-up-leaves-83-fighters-dead-monitor/articleshow/69692273.cms
Time of India,US commander says he believes Iran threat still 'very real',middle east,2019-06-09,16:03,https://timesofindia.indiatimes.com/world/middle-east/us-commander-says-he-believes-iran-threat-still-very-real/articleshow/69692739.cms
Time of India,US commander says Mideast buildup prompted Iran 'step back',middle east,2019-06-09,16:03,https://timesofindia.indiatimes.com/world/middle-east/us-commander-says-mideast-buildup-prompted-iran-step-back/articleshow/69689185.cms
Time of India,"Iraq harvests go up in smoke, but who lit the fires?",middle east,2019-06-09,16:03,https://timesofindia.indiatimes.com/world/middle-east/iraq-harvests-go-up-in-smoke-but-who-lit-the-fires/articleshow/69686797.cms
Time of India,UAE says 'sophisticated' tanker attacks likely the work of a state actor,middle east,2019-06-09,16:03,https://timesofindia.indiatimes.com/world/middle-east/uae-says-sophisticated-tanker-attacks-likely-the-work-of-a-state-actor/articleshow/69686486.cms
Time of India,UAE probe of tanker attacks points to 'state actor',middle east,2019-06-09,16:03,https://timesofindia.indiatimes.com/world/middle-east/uae-probe-of-tanker-attacks-points-to-state-actor/articleshow/69684525.cms
Time of India,Jihadists kill 11 regime forces in Syria's northwest: monitor,middle east,2019-06-09,16:03,https://timesofindia.indiatimes.com/world/middle-east/jihadists-kill-11-regime-forces-in-syrias-northwest-monitor/articleshow/69680996.cms
Time of India,Jerusalem Gay Pride draws thousands under high security,middle east,2019-06-09,16:03,https://timesofindia.indiatimes.com/world/middle-east/jerusalem-gay-pride-draws-thousands-under-high-security/articleshow/69680141.cms
Time of India,"With cows, chickens and greenhouses, Qatar takes on regional boycott",middle east,2019-06-09,16:03,https://timesofindia.indiatimes.com/world/middle-east/with-cows-chickens-and-greenhouses-qatar-takes-on-regional-boycott/articleshow/69670759.cms
Time of India,Saudi Arabia urges new Sudan talks after protest crackdown,middle east,2019-06-09,16:03,https://timesofindia.indiatimes.com/world/middle-east/saudi-arabia-urges-new-sudan-talks-after-protest-crackdown/articleshow/69664653.cms
Time of India,"Two women, six children from IS families repatriated to US: Syria Kurds",middle east,2019-06-09,16:03,https://timesofindia.indiatimes.com/world/middle-east/two-women-six-children-from-is-families-repatriated-to-us-syria-kurds/articleshow/69664118.cms
Time of India,Saudi Arabia flies Iranian to hospital off ‘hostile’ ship,middle east,2019-06-09,16:03,https://timesofindia.indiatimes.com/world/middle-east/saudi-arabia-flies-iranian-to-hospital-off-hostile-ship/articleshow/69660504.cms
Time of India,LuLu Group chairman is UAE’s first permanent expat resident,middle east,2019-06-09,16:03,https://timesofindia.indiatimes.com/world/middle-east/lulu-group-chairman-is-uaes-first-permanent-expat-resident/articleshow/69657685.cms
Time of India,Iran's Khamenei says Tehran will not abandon its missile programme,middle east,2019-06-09,16:03,https://timesofindia.indiatimes.com/world/middle-east/irans-khamenei-says-tehran-will-not-abandon-its-missile-programme/articleshow/69653982.cms
Time of India,Iran to free Lebanese jailed for US spying: Beirut,middle east,2019-06-09,16:03,https://timesofindia.indiatimes.com/world/middle-east/iran-to-free-lebanese-jailed-for-us-spying-beirut/articleshow/69653110.cms
Time of India,"Syrian fighters burning crops, using food as ""weapon of war"": UN",middle east,2019-06-09,16:03,https://timesofindia.indiatimes.com/world/middle-east/syrian-fighters-burning-crops-using-food-as-weapon-of-war-un/articleshow/69649287.cms
Time of India,No backtracking on S400 deal with Russia: Erdogan,middle east,2019-06-09,16:03,https://timesofindia.indiatimes.com/world/middle-east/no-backtracking-on-s400-deal-with-russia-erdogan/articleshow/69645994.cms
Time of India,Tens of thousands gather in Hong Kong for rally against China extradition bill,rest of world,2019-06-09,16:03,https://timesofindia.indiatimes.com/world/rest-of-world/tens-of-thousands-gather-in-hong-kong-for-rally-against-china-extradition-bill/articleshow/69711028.cms
Time of India,"In historic first, G20 weighs ageing as global risk",rest of world,2019-06-09,16:03,https://timesofindia.indiatimes.com/world/rest-of-world/in-historic-first-g20-weighs-ageing-as-global-risk/articleshow/69709944.cms
Time of India,Kazakhs hold first presidential vote without three-decade strongman on ballot,rest of world,2019-06-09,16:03,https://timesofindia.indiatimes.com/world/rest-of-world/kazakhs-hold-first-presidential-vote-without-three-decade-strongman-on-ballot/articleshow/69709713.cms
Time of India,5 countries secure non-permanent member seats in UNSC in January 2020,rest of world,2019-06-09,16:03,https://timesofindia.indiatimes.com/world/rest-of-world/5-countries-secure-non-permanent-member-seats-in-unsc-in-january-2020/articleshow/69701302.cms
Time of India,"14 lions on the loose in South Africa, with nowhere to go",rest of world,2019-06-09,16:03,https://timesofindia.indiatimes.com/world/rest-of-world/14-lions-on-the-loose-in-south-africa-with-nowhere-to-go/articleshow/69698603.cms
Time of India,1 in 5 boys married off before turning 15: UNICEF,rest of world,2019-06-09,16:03,https://timesofindia.indiatimes.com/world/rest-of-world/1-in-5-boys-married-off-before-turning-15-unicef/articleshow/69698368.cms
Time of India,"US, Russia ships nearly collide in Philippine Sea",rest of world,2019-06-09,16:03,https://timesofindia.indiatimes.com/world/rest-of-world/us-russia-ships-nearly-collide-in-philippine-sea/articleshow/69698180.cms
Time of India,"Xi, Putin condemn US dominance as tensions with Trump grow",rest of world,2019-06-09,16:03,https://timesofindia.indiatimes.com/world/rest-of-world/xi-putin-condemn-us-dominance-as-tensions-with-trump-grow/articleshow/69698030.cms
Time of India,Ethiopian PM visits Sudan in bid to mediate crisis,rest of world,2019-06-09,16:03,https://timesofindia.indiatimes.com/world/rest-of-world/ethiopian-pm-visits-sudan-in-bid-to-mediate-crisis/articleshow/69694676.cms
Time of India,"Russia, US trade charges after near naval collision",rest of world,2019-06-09,16:03,https://timesofindia.indiatimes.com/world/rest-of-world/russia-us-trade-charges-after-near-naval-collision/articleshow/69692784.cms
Time of India,UN attacks 'ghastly' conditions in Libya migrant detention centres,rest of world,2019-06-09,16:03,https://timesofindia.indiatimes.com/world/rest-of-world/un-attacks-ghastly-conditions-in-libya-migrant-detention-centres/articleshow/69691825.cms
Time of India,Russia lodges protest with US over 'possible collision' in South China Sea,rest of world,2019-06-09,16:03,https://timesofindia.indiatimes.com/world/rest-of-world/russia-lodges-protest-with-us-over-possible-collision-in-south-china-sea/articleshow/69689542.cms
Time of India,Australian police in record $840 million haul of drug 'ice',rest of world,2019-06-09,16:03,https://timesofindia.indiatimes.com/world/rest-of-world/australian-police-in-record-840-million-haul-of-drug-ice/articleshow/69685629.cms
Time of India,Japan PM to visit Iran in effort to mediate tension with US,rest of world,2019-06-09,16:03,https://timesofindia.indiatimes.com/world/rest-of-world/japan-pm-to-visit-iran-in-effort-to-mediate-tension-with-us/articleshow/69679686.cms
Time of India,Afghan peace marchers reappear safe after Taliban 'discussions',rest of world,2019-06-09,16:03,https://timesofindia.indiatimes.com/world/rest-of-world/afghan-peace-marchers-reappear-safe-after-taliban-discussions/articleshow/69679317.cms
Time of India,UN says about 25% of Ebola cases could be going undetected,rest of world,2019-06-09,16:03,https://timesofindia.indiatimes.com/world/rest-of-world/un-says-about-25-of-ebola-cases-could-be-going-undetected/articleshow/69678629.cms
Time of India,US ambassador flees teargas at Malawi election protest,rest of world,2019-06-09,16:03,https://timesofindia.indiatimes.com/world/rest-of-world/us-ambassador-flees-teargas-at-malawi-election-protest/articleshow/69678134.cms
Time of India,Sudan protesters to keep up campaign until military's ouster,rest of world,2019-06-09,16:03,https://timesofindia.indiatimes.com/world/rest-of-world/sudan-protesters-to-keep-up-campaign-until-militarys-ouster/articleshow/69676016.cms
Time of India,Hong Kong court issues landmark ruling on benefits for gay couples,rest of world,2019-06-09,16:03,https://timesofindia.indiatimes.com/world/rest-of-world/hong-kong-court-issues-landmark-ruling-on-benefits-for-gay-couples/articleshow/69675438.cms
Time of India,Japan's Abe set for mediation mission to Iran,rest of world,2019-06-09,16:03,https://timesofindia.indiatimes.com/world/rest-of-world/japans-abe-set-for-mediation-mission-to-iran/articleshow/69674294.cms
Time of India,Lift those knees: Babies crawl to the Lithuanian finish line,"mad, mad world",2019-06-09,16:03,https://timesofindia.indiatimes.com/world/mad-mad-world/lift-those-knees-babies-crawl-to-the-lithuanian-finish-line/articleshow/69628088.cms
Time of India,Larvae for lunch? Danish scientists try to put mealworm on the menu,"mad, mad world",2019-06-09,16:03,https://timesofindia.indiatimes.com/world/mad-mad-world/larvae-for-lunch-danish-scientists-try-to-put-mealworm-on-the-menu/articleshow/69596551.cms
Time of India,Rare albino panda caught on camera in China: State media,"mad, mad world",2019-06-09,16:03,https://timesofindia.indiatimes.com/world/mad-mad-world/rare-albino-panda-caught-on-camera-in-china-state-media/articleshow/69505260.cms
Time of India,"At the spelling bee, the most common sound is the toughest","mad, mad world",2019-06-09,16:03,https://timesofindia.indiatimes.com/world/mad-mad-world/at-the-spelling-bee-the-most-common-sound-is-the-toughest/articleshow/69497820.cms
Time of India,Found at world’s deepest point: A plastic bag,"mad, mad world",2019-06-09,16:03,https://timesofindia.indiatimes.com/world/mad-mad-world/found-at-worlds-deepest-point-a-plastic-bag/articleshow/69334801.cms
Time of India,"Police: New Mexico driver fled and said, 'I don't think so'","mad, mad world",2019-06-09,16:03,https://timesofindia.indiatimes.com/world/mad-mad-world/police-new-mexico-driver-fled-and-said-i-dont-think-so/articleshow/69309418.cms
Time of India,"Squirrel initially scares, then snuggles with subway riders","mad, mad world",2019-06-09,16:03,https://timesofindia.indiatimes.com/world/mad-mad-world/squirrel-initially-scares-then-snuggles-with-subway-riders/articleshow/69131151.cms
Time of India,"Wyoming man shoplifted at store, applied for job, police say","mad, mad world",2019-06-09,16:03,https://timesofindia.indiatimes.com/world/mad-mad-world/wyoming-man-shoplifted-at-store-applied-for-job-police-say/articleshow/69114436.cms
Time of India,Cover-up: Students deck out dome with Captain America shield,"mad, mad world",2019-06-09,16:03,https://timesofindia.indiatimes.com/world/mad-mad-world/cover-up-students-deck-out-dome-with-captain-america-shield/articleshow/69114286.cms
Time of India,Paddleboarder guilty of assaulting surfer in wave dispute,"mad, mad world",2019-06-09,16:03,https://timesofindia.indiatimes.com/world/mad-mad-world/paddleboarder-guilty-of-assaulting-surfer-in-wave-dispute/articleshow/68950737.cms
Time of India,Man sues parents for getting rid of his vast porn collection,"mad, mad world",2019-06-09,16:03,https://timesofindia.indiatimes.com/world/mad-mad-world/man-sues-parents-for-getting-rid-of-his-vast-porn-collection/articleshow/68886600.cms
Time of India,Police: Man buys $8 million island then steals from shopping mall,"mad, mad world",2019-06-09,16:03,https://timesofindia.indiatimes.com/world/mad-mad-world/police-man-buys-8-million-island-then-steals-from-shopping-mall/articleshow/68831179.cms
Time of India,Pakistan boy in 'protective custody' for attempting to operate self-made 'flying machine',"mad, mad world",2019-06-09,16:03,https://timesofindia.indiatimes.com/world/mad-mad-world/pakistan-boy-in-protective-custody-for-attempting-to-operate-self-made-flying-machine/articleshow/68674335.cms
Time of India,Searching for ‘Florida Man’ is the latest internet fad,"mad, mad world",2019-06-09,16:03,https://timesofindia.indiatimes.com/world/mad-mad-world/searching-for-florida-man-is-the-latest-internet-fad/articleshow/68555433.cms
Time of India,Rare albino penguin makes debut at Polish zoo,"mad, mad world",2019-06-09,16:03,https://timesofindia.indiatimes.com/world/mad-mad-world/rare-albino-penguin-makes-debut-at-polish-zoo/articleshow/68534238.cms
Time of India,Hip hop best bet for a cheese that will please: Swiss study,"mad, mad world",2019-06-09,16:03,https://timesofindia.indiatimes.com/world/mad-mad-world/hip-hop-best-bet-for-a-cheese-that-will-please-swiss-study/articleshow/68436455.cms
Time of India,Flight forced to turn back after mother forgets baby at Jeddah airport,"mad, mad world",2019-06-09,16:03,https://timesofindia.indiatimes.com/world/mad-mad-world/flight-forced-to-turn-back-after-mother-forgets-baby-at-jeddah-airport/articleshow/68371658.cms
Time of India,Troopers: Teen arrested for taking control of Alaska flight,"mad, mad world",2019-06-09,16:03,https://timesofindia.indiatimes.com/world/mad-mad-world/troopers-teen-arrested-for-taking-control-of-alaska-flight/articleshow/67963699.cms
Time of India,British tourist's veg sausage hunt in India among UK's 2018 quirky requests list,"mad, mad world",2019-06-09,16:03,https://timesofindia.indiatimes.com/world/mad-mad-world/british-tourists-veg-sausage-hunt-in-india-among-uks-2018-quirky-requests-list/articleshow/67310767.cms
Time of India,French 'spiderman' climbs London's 230-metre Heron Tower without ropes,"mad, mad world",2019-06-09,16:03,https://timesofindia.indiatimes.com/world/mad-mad-world/french-spiderman-climbs-londons-230-metre-heron-tower-without-ropes/articleshow/66366703.cms
